longitude,latitude,magnitude,depth,year,area,cluster
107.5836029,-7.378744602,3.630042729,10.0,2014,15,0
110.5384293,-8.768849373,4.200937452,18.0,2014,0,-1
107.5503082,-7.420603752,4.258103099,10.0,2014,15,0
109.6668854,-8.497421265,4.020345802,22.0,2014,17,-1
107.5088959,-7.546608925,3.653135936,10.0,2014,15,-1
107.5886765,-7.36685276,3.552627086,10.0,2014,15,0
105.2967606,-7.097964764,4.69693809,10.0,2014,16,1
110.123291,-8.8829422,4.157220015,10.0,2014,0,-1
107.8865128,-8.155299187,3.986897794,20.0,2014,20,2
109.2763214,-8.510505676,3.846474007,36.0,2014,6,3
105.9873199,-7.745276928,3.512772176,10.0,2014,1,4
105.9642105,-7.740858555,4.780736558,10.0,2014,1,4
109.2491684,-8.478429794,3.6196764928,36.0,2014,6,3
107.2798615,-7.866016388,3.955014298,26.0,2014,8,5
108.1355438,-8.34814167,4.871455718,44.0,2014,22,6
106.6442413,-7.655744553,3.737943159,10.0,2014,11,7
106.0379181,-7.28459549,4.892364126,55.0,2014,9,4
107.2451553,-8.235824585,4.642381098,10.0,2014,2,8
107.3365631,-8.151519775,4.163172956,10.0,2014,2,8
107.2536545,-7.870328426,3.840273577,25.0,2014,8,5
112.4812241,-8.94382,4.155694541,10.0,2014,3,9
107.710495,-7.255951881,3.541724765,10.0,2014,15,10
106.4446411,-7.83610487,4.250493837,10.0,2014,11,7
107.9170227,-8.13297081,3.820606947,20.0,2014,20,2
105.9981842,-7.791709423,4.520854621,10.0,2014,1,4
108.4646835,-8.425488472,3.906929529,10.0,2014,22,11
107.3363495,-8.150565147,4.454894135,18.0,2014,2,8
107.3111649,-8.163535118,3.501203401,10.0,2014,2,8
108.5350037,-8.436028481,3.989317126,60.0,2014,22,11
107.3739166,-8.176749229,4.282349038,18.0,2014,2,8
105.963913,-7.561960697,4.193084222,21.0,2014,1,4
107.8060837,-7.993020535,3.89352828,53.0,2014,20,2
110.2240906,-8.933462143,4.157473781,19.0,2014,0,12
107.2877426,-8.11772728,3.728893378,14.0,2014,2,8
106.4990921,-7.861435413,3.835609252,10.0,2015,11,7
106.6878128,-7.595385551,3.904992877,11.0,2015,11,7
108.0554276,-8.222784042,3.915679689,30.0,2015,20,-1
107.2875824,-7.869232655,3.539928526,25.0,2015,8,5
109.9152679,-8.938436508,4.004116778,10.0,2015,0,13
106.3112793,-7.520521164,4.59823922,50.0,2015,1,-1
108.917305,-8.443558693,4.873730297,43.0,2015,6,14
112.2962494,-7.212831497,3.963958252,10.0,2015,18,-1
106.8699493,-7.77604723,4.736883514,18.0,2015,11,15
105.380867,-7.194305897,4.279995495,10.0,2015,16,1
109.2002411,-8.361907005,4.377804553,35.0,2015,6,3
107.4383926,-8.184550285,4.164701848,10.0,2015,2,8
107.2761459,-8.201664925,4.103296724,12.0,2015,2,8
108.9878922,-8.443415642,3.60583818,17.0,2015,6,14
107.0254822,-7.919701099,3.529966917,10.0,2015,8,15
113.0613403,-7.538618565,4.455640573,16.0,2015,18,-1
111.2281113,-8.949979782,4.76419049,10.0,2015,7,16
105.4354782,-7.025591373,4.197799161,16.0,2015,16,1
109.1410675,-8.643356323,3.811242007,51.0,2015,6,-1
108.8972397,-8.477085114,3.940937641,10.0,2015,6,14
108.8598099,-8.462662697,4.213164665,10.0,2015,6,14
109.0514832,-6.921978474,4.83752439,10.0,2015,23,-1
106.9197998,-7.985831261,4.373226308,10.0,2015,8,15
105.114212,-7.05563736,4.84075199,53.0,2015,16,-1
105.2188568,-7.11593914,4.19077119,16.0,2015,16,1
105.9015503,-7.325556755,3.776291015,10.0,2015,9,4
108.2330704,-8.304533005,3.968421544,10.0,2015,22,17
106.6167068,-7.937761307,3.518795937,34.0,2015,11,7
109.2647629,-8.447500229,3.852379309,29.0,2015,6,3
110.3326263,-8.827442169,4.195433424,19.0,2015,0,12
109.2483368,-8.413401604,3.979142571,10.0,2015,6,3
111.208313,-6.073328018,4.027378179,17.0,2015,4,-1
107.2661743,-8.190962791,3.853007775,10.0,2015,2,8
110.4979706,-8.072591782,3.685242198,10.0,2015,10,-1
110.8877716,-8.806938171,3.790630023,15.0,2015,7,19
111.2180939,-6.282092094,3.850599089,26.0,2015,4,-1
107.0658493,-8.104007721,3.674755724,15.0,2015,2,15
107.9592285,-8.189517021,3.879286632,21.0,2015,20,2
106.6499634,-7.991036415,3.860144948,68.0,2015,8,7
106.5180435,-7.58569622,4.109748487,27.0,2015,11,7
107.2914276,-8.5063591,4.296678387,10.0,2015,2,-1
109.2452774,-8.448558807,3.886535992,10.0,2015,6,3
107.3806686,-8.215315819,4.354076177,10.0,2015,2,8
108.5154953,-8.911349297,3.705855613,10.0,2015,14,-1
110.5439301,-8.785932541,3.830072664,20.0,2015,0,-1
106.6908188,-7.613978386,3.75264768,24.0,2015,11,7
105.1159439,-7.315886021,4.674220426,25.0,2015,16,-1
107.6142807,-8.246182442,4.139515964,10.0,2015,2,18
108.2283173,-8.254318237,4.695578853,12.0,2015,20,17
111.234375,-8.985844612,4.076307994,10.0,2015,7,16
111.1943054,-8.914541245,4.095581897,16.0,2015,7,16
107.382019,-8.322012901,4.721318765,17.0,2015,2,8
107.9973526,-6.846073151,3.581266351,10.0,2015,23,-1
112.4569397,-8.975541115,4.244168419,29.0,2015,3,9
107.8537598,-8.246015549,3.651607141,16.0,2015,20,2
107.9378433,-8.170951843,4.152740061,14.0,2015,20,2
112.4126511,-8.926724434,3.829731889,37.0,2015,3,9
107.3631134,-7.693991661,3.575423233,29.0,2015,8,-1
109.2687225,-8.443491936,3.59728216,31.0,2015,6,3
110.9007111,-8.897553444,4.694069277,14.0,2015,7,19
110.6858215,-7.737484455,3.778510623,22.0,2015,10,-1
107.2073822,-8.228230476,4.700867513,24.0,2015,2,8
108.8813171,-8.588745117,4.642019939,36.0,2015,6,14
112.4951935,-8.798821449,3.887839072,49.0,2015,3,9
110.2171326,-8.860304832,3.637341618,10.0,2015,0,12
110.0016937,-8.734259605,4.295610254,10.0,2015,17,-1
111.7858963,-7.643602848,3.573460227,10.0,2015,18,-1
107.8776398,-8.17279911,4.397396278,18.0,2015,20,2
107.8151016,-8.255628586,4.046552755,10.0,2015,20,2
107.3517151,-8.277317047,4.412905694,10.0,2015,2,8
109.2347641,-8.423677444,3.64723818,10.0,2015,6,3
106.4005508,-7.744223595,4.846524138,49.0,2015,11,7
107.8914795,-8.401560783,3.901267056,17.0,2015,22,2
107.3390808,-8.223365784,5.369762749,49.0,2015,2,8
109.7370834,-8.593611717,3.769717635,10.0,2015,17,29
112.7135544,-8.47793293,4.239609038,10.0,2015,3,-1
107.3240585,-8.176465988,4.770639136,10.0,2015,2,8
107.3982773,-8.19493103,3.543302647,10.0,2015,2,8
112.5027847,-8.849349022,4.992450844,42.0,2015,3,9
109.7324142,-8.901738167,3.513776396,10.0,2015,0,-1
110.4136963,-8.966590881,3.544161553,15.0,2015,0,24
108.9483261,-8.547288895,3.830958239,61.0,2015,6,14
110.5011597,-8.002797127,4.584077471,10.0,2015,10,-1
107.3967133,-8.02648735,3.891551752,27.0,2015,8,8
107.3678589,-8.447921753,4.712790228,43.0,2015,2,-1
107.363533,-8.249804497,4.030449246,10.0,2015,2,8
106.0739059,-7.3527174,3.897806296,20.0,2015,9,4
107.9012299,-8.256173134,3.917531657,39.0,2015,20,2
106.4316101,-7.500371456,4.739276579,51.0,2015,11,-1
108.8539124,-8.55623436,3.795487125,44.0,2015,6,14
109.1966629,-8.417715073,3.914843754,27.0,2015,6,3
105.1449127,-7.173208714,4.237286568,21.0,2015,16,-1
107.2174072,-8.200256348,3.670257465,11.0,2015,2,8
105.7097855,-7.59469223,3.766431311,10.0,2015,1,-1
112.3975067,-8.874850273,3.762230682,45.0,2015,3,9
110.5226364,-7.999565601,3.794369361,10.0,2015,10,-1
110.9139404,-6.370408535,5.020627316,14.0,2015,4,-1
105.3024673,-7.118697166,3.757635629,10.0,2015,16,1
105.5801163,-7.043156624,3.901477388,10.0,2015,16,20
109.4458389,-8.39851284,4.389141483,36.0,2015,6,-1
109.7920227,-8.684808731,4.977078935,51.0,2015,17,-1
107.5557022,-8.411313057,4.45846189,10.0,2015,2,28
106.8944244,-7.765872478,4.267669102,22.0,2015,11,15
107.0452805,-8.046742439,3.699981104,10.0,2015,8,15
107.2532959,-8.138549805,5.870134988,56.0,2015,2,8
106.537384,-7.838332176,3.591529762,10.0,2015,11,7
107.3619385,-8.29970932,3.516471717,10.0,2015,2,8
105.4741135,-7.081380367,3.549560785,25.0,2015,16,-1
111.2610245,-8.96407032,4.460152515,26.0,2015,7,16
105.5257263,-7.217413902,4.567792183,47.0,2015,16,-1
105.5203247,-7.346394539,4.424186877,44.0,2015,16,-1
105.516861,-7.493596554,3.816953489,10.0,2015,1,-1
105.647644,-7.03946209,3.599388054,31.0,2015,16,20
106.1045151,-7.825517178,4.35844362,11.0,2015,1,-1
106.0767822,-7.887017727,4.048304305,10.0,2015,1,-1
107.2528992,-7.931201935,3.628324668,14.0,2015,8,5
112.7167053,-8.486177444,3.791957614,10.0,2015,3,-1
106.0507431,-7.76133585,3.891821742,10.0,2015,1,4
110.3524628,-8.851261139,4.232707783,21.0,2015,0,12
109.0425797,-8.388892174,3.682994008,51.0,2015,6,14
105.2269897,-7.199650288,4.364540751,15.0,2015,16,1
107.1179123,-8.180524826,4.372426646,10.0,2015,2,8
113.2616959,-8.425102234,4.038832052,10.0,2015,3,-1
107.0111237,-8.486623764,5.451605213,52.0,2015,2,-1
107.9061661,-8.395967484,4.336412507,31.0,2015,22,2
107.3052979,-8.180463791,3.811508959,18.0,2015,2,8
109.8180084,-8.583423615,3.602501459,26.0,2015,17,29
107.2601089,-8.211543083,3.726884622,10.0,2015,2,8
109.5664062,-8.673288345,3.524032498,10.0,2015,17,-1
107.3885117,-7.909268379,3.608403428,37.0,2016,8,8
106.6128082,-7.519201756,4.666479775,68.0,2016,11,-1
110.0281219,-8.903044701,3.505335411,10.0,2016,0,-1
110.487114,-7.997507095,3.591045636,12.0,2016,10,-1
112.613945,-8.325294495,3.680343044,10.0,2016,3,-1
111.2283783,-8.876454353,3.565764761,17.0,2016,7,16
108.0662994,-8.522215843,4.322773574,12.0,2016,22,-1
107.4077072,-7.969470978,3.604852058,48.0,2016,8,8
111.2784653,-8.765338898,3.708535683,41.0,2016,7,16
107.8494034,-8.126466751,3.549107178,19.0,2016,20,2
112.490036,-8.814783096,3.588892355,40.0,2016,3,9
111.7988205,-7.410321236,3.669655472,10.0,2016,18,-1
105.9635391,-7.676790237,4.210128979,10.0,2016,1,4
107.8793945,-8.138305664,3.892120947,19.0,2016,20,2
106.4442902,-7.756982327,3.667732656,10.0,2016,11,7
106.8766022,-7.779058933,4.257541088,36.0,2016,11,15
105.2956619,-7.2086339,3.987197546,38.0,2016,16,1
107.7127457,-7.35503149,4.156675087,10.0,2016,15,10
107.1575012,-8.524402618,3.768725218,10.0,2016,2,-1
111.4658356,-8.890767097,3.6779296078000003,61.0,2016,7,16
109.0084534,-8.413733482,4.393845742,15.0,2016,6,14
108.1717758,-8.803254128,4.103269098,10.0,2016,14,-1
107.3740234,-8.131251335,4.654954393,10.0,2016,2,8
106.04245,-7.697632313,3.63510808,10.0,2016,1,4
106.4596329,-7.900116444,4.340530453,10.0,2016,11,7
111.4385071,-8.932871819,3.643228319,10.0,2016,7,16
111.4230118,-8.899641991,4.269286236,26.0,2016,7,16
112.7516022,-8.994986534,4.369702734,10.0,2016,3,-1
107.2617416,-7.926200867,3.632492697,39.0,2016,8,5
107.9218826,-8.235518456,4.061356752,37.0,2016,20,2
105.326683,-7.275253773,3.515720891,10.0,2016,16,1
105.9075623,-7.617151737,4.078933443,10.0,2016,1,4
107.2183075,-7.875709534,4.149085971,36.0,2016,8,5
108.2316895,-8.285420418,3.914440866,19.0,2016,22,17
107.236969,-7.85981369,3.955066875,31.0,2016,8,5
109.0273361,-8.543811798,3.736903379,68.0,2016,6,21
107.4051971,-8.085454941,3.7411059603999997,54.0,2016,2,8
107.4052277,-8.302459717,3.839794165,10.0,2016,2,8
107.3353195,-8.313760757,4.561512616,25.0,2016,2,8
107.3296204,-8.348209381,3.656028367,10.0,2016,2,8
107.3640289,-8.318825722,4.233954591,10.0,2016,2,8
107.3527451,-8.293146133,3.501461623,10.0,2016,2,8
105.1606979,-7.12084198,4.726683431,10.0,2016,16,-1
107.60849,-7.263482571,3.745755704,10.0,2016,15,10
107.5620117,-7.341451168,3.822488446,10.0,2016,15,0
105.4134216,-7.186225414,4.231765301,16.0,2016,16,1
106.3386688,-7.612118244,4.72503173,50.0,2016,11,-1
106.8707809,-7.795916557,4.111225557,18.0,2016,11,15
106.8414688,-7.787708759,4.101645888,23.0,2016,11,15
107.9030762,-8.169332504,3.725752439,18.0,2016,20,2
106.7079544,-7.481042385,3.514609138,11.0,2016,11,7
112.0720062,-8.986679077,3.802227285,11.0,2016,3,-1
105.9810333,-7.150815487,4.567938968,21.0,2016,9,4
111.9638138,-7.665726662,3.515935948,26.0,2016,18,-1
107.0675507,-7.703094006,3.510413762,50.0,2016,11,-1
106.5592117,-7.931322098,3.95654046,26.0,2016,11,7
108.9961929,-8.40176487,4.537639996,27.0,2016,6,14
107.2753525,-8.245541573,3.648648677,11.0,2016,2,8
107.9039536,-8.08982563,4.016657562,10.0,2016,20,2
110.2592926,-8.370420456,3.982287785,11.0,2016,17,-1
107.0601425,-8.047722816,3.698205554,18.0,2016,8,15
105.2961578,-7.374263763,3.927495469,17.0,2016,16,1
107.6382675,-8.209499359,4.822406452,19.0,2016,20,18
106.7443924,-7.594808102,4.15081684,27.0,2016,11,7
105.378067,-7.161700726,3.514639748,11.0,2016,16,1
107.8607178,-8.070752144,3.622299606,22.0,2016,20,2
105.6032639,-7.046505451,4.141440163,48.0,2016,16,20
106.444519,-7.701561451,3.672948932,25.0,2016,11,7
107.9013214,-8.161566734,4.510364304,18.0,2016,20,2
107.619751,-8.198000908,4.252310032,10.0,2016,2,18
107.7391129,-8.981309891,3.70764153,28.0,2016,14,-1
108.2438202,-8.201514244,4.689775658,33.0,2016,20,17
109.8670959,-7.61146307,3.65427613,10.0,2016,10,-1
109.0292053,-8.369547844,4.601751171,53.0,2016,6,14
111.7469177,-8.39385128,3.731619761,10.0,2016,21,-1
112.4880066,-8.898771286,4.033637116,43.0,2016,3,9
109.8862686,-7.63727808,3.842443158,12.0,2016,10,-1
111.1003036,-6.424478054,3.797281465,10.0,2016,4,-1
111.1275253,-6.402609348,3.824144126,10.0,2016,4,-1
105.9268188,-7.870535851,3.964176211,10.0,2016,1,4
106.1163101,-7.65357542,3.507588112,10.0,2016,1,4
111.1408463,-8.898785591,3.705177429,60.0,2016,7,16
107.8383255,-8.173811913,3.680130742,10.0,2016,20,2
106.0497818,-7.67482996,3.635753771,10.0,2016,1,4
106.0010986,-7.796844959,3.94336325,30.0,2016,1,4
107.8922577,-8.166278839,4.595598411,41.0,2016,20,2
107.9085388,-8.080890656,3.72216845,10.0,2016,20,2
112.089241,-8.831594467,3.883182328,33.0,2016,3,-1
107.0696793,-8.147371292,3.545457062,12.0,2016,2,15
107.8406906,-8.139340401,3.858173187,24.0,2016,20,2
108.988472,-8.282083511,3.748615154,49.0,2016,6,14
109.8411713,-8.817625046,3.64804466,10.0,2016,0,-1
110.4848251,-8.951705933,3.808176482,10.0,2016,0,22
111.0805359,-8.949097633,4.621092647,13.0,2016,7,16
106.0971603,-7.409049034,3.973336371,25.0,2016,9,4
108.4608841,-8.457912445,3.96748186,20.0,2016,22,11
105.8643265,-7.719969273,4.438691273,10.0,2016,1,4
105.8674011,-7.440802097,3.614333994,10.0,2016,1,4
107.3267136,-8.279267311,3.802369144,10.0,2016,2,8
106.6258469,-6.74067831,3.727218228,26.0,2016,5,23
107.1963654,-8.122343063,4.132484644,20.0,2016,2,8
106.0592041,-7.0467906,3.592496964,11.0,2016,9,4
106.9235458,-7.535419941,3.727524186,63.0,2016,11,-1
107.9124756,-8.149307251,3.596782979,22.0,2016,20,2
112.4490662,-8.926730156,4.568385351,67.0,2016,3,9
111.495903,-8.991597176,4.909455781,23.0,2016,7,-1
111.5351868,-8.931612015,3.508980135,17.0,2016,7,16
106.0710754,-7.477340698,3.526679521,38.0,2016,1,4
112.4746552,-8.814821243,3.890137178,49.0,2016,3,9
106.9039612,-7.762136459,4.026031883,20.0,2016,11,15
107.9050522,-8.197849274,3.585026229,10.0,2016,20,2
111.2872238,-8.800548553,4.443688391,37.0,2016,7,16
105.9317017,-7.601632595,3.876760052,18.0,2016,1,4
106.2307663,-7.652997494,3.877220538,17.0,2016,1,-1
107.4247894,-8.238911629,4.964210712,52.0,2016,2,8
107.0712204,-7.931535721,4.776128251,19.0,2016,8,15
111.5044632,-8.999601364,4.407803806,40.0,2016,7,-1
111.3128662,-7.482678413,4.341731428,20.0,2016,18,-1
107.5448532,-7.296852112,3.987367271,2.0,2016,15,0
107.2724533,-8.207525253,3.736124991,10.0,2016,2,8
106.5487213,-7.819119453,3.897340112,10.0,2016,11,7
106.1405411,-7.389848709,4.411368069,23.0,2016,9,4
110.5237503,-8.913906097,4.62739926,19.0,2016,0,22
107.9014435,-8.136590004,4.760650195,24.0,2016,20,2
111.7625275,-8.396489143,4.142539298,10.0,2016,21,-1
107.8884354,-8.178524971,4.321640325,51.0,2016,20,2
106.2824936,-7.151908398,3.631959619,61.0,2016,9,-1
106.5149765,-7.869562149,3.596540121,10.0,2016,11,7
110.0045547,-8.96102047,4.03182501,10.0,2017,0,-1
108.7271042,-8.945748329,5.322558069,26.0,2017,14,-1
108.2799072,-8.178798676,4.041923253,31.0,2017,20,17
108.8908157,-8.502126694,3.884713664,11.0,2017,6,14
107.052269,-7.944921017,3.707176037,30.0,2017,8,15
110.3662643,-7.991484642,3.977010636,10.0,2017,10,-1
107.3775711,-8.214237213,3.643272601,10.0,2017,2,8
110.1858673,-8.987763405,3.813199398,67.0,2017,0,12
107.9071808,-8.351186752,3.779210217,19.0,2017,22,2
107.2940826,-7.807741642,4.003360266,19.0,2017,8,5
106.6290283,-7.62755537,3.889682902,21.0,2017,11,7
106.1445618,-7.452833652,4.057244962,13.0,2017,1,4
105.9520111,-7.61798048,3.595493249,10.0,2017,1,4
110.6673126,-8.607170105,3.520871209,50.0,2017,21,-1
106.8319016,-6.955210686,3.841816091,10.0,2017,5,-1
107.2806244,-7.717948437,5.208727879,61.0,2017,8,5
113.1427689,-7.169956207,4.3068226774,10.0,2017,18,-1
106.5222549,-7.660509586,3.591117746,26.0,2017,11,7
106.8983459,-7.739896297,4.176562879,16.0,2017,11,15
105.3921814,-7.142570019,4.367321416,45.0,2017,16,1
106.0777512,-7.12206459,4.06999035,10.0,2017,9,4
106.6008224,-7.71653986,4.41873034,16.0,2017,11,7
107.8902283,-8.164848328,3.8145976542,43.0,2017,20,2
107.8615952,-8.108482361,3.637231038,13.0,2017,20,2
107.8641891,-8.118894577,3.5925335240000003,62.0,2017,20,2
107.924942,-8.091147423,4.128877674,18.0,2017,20,2
107.0947342,-7.874958992,3.967643518,24.0,2017,8,15
108.8279953,-8.431388855,4.050538281,25.0,2017,6,14
107.5776138,-8.171741486,4.057475815,53.0,2017,2,18
108.8564072,-8.35578537,3.839527329,38.0,2017,6,14
108.8890305,-8.458405495,3.500561911,23.0,2017,6,14
106.7419815,-7.10877037,4.267758082,10.0,2017,5,-1
112.5791168,-8.146473885,3.895603023,10.0,2017,3,-1
106.1948166,-7.137153149,3.570927348,60.0,2017,9,-1
108.4583664,-8.595179558,3.804560175,54.0,2017,22,11
107.8604584,-8.454294205,3.938468314,19.0,2017,22,2
105.3929062,-7.080354691,4.414174501,20.0,2017,16,1
107.8342438,-8.074593544,5.074082248,63.0,2017,20,2
105.9677505,-7.258707047,4.087850037,63.0,2017,9,4
105.3625717,-7.282968521,4.658559305,45.0,2017,16,1
112.4880524,-8.764672279,4.287211815,62.0,2017,3,9
107.8265457,-8.221283913,4.145430056,13.0,2017,20,2
107.8633957,-8.252695084,4.049104152,22.0,2017,20,2
107.2209244,-7.917580128,4.103071352,23.0,2017,8,5
106.1953354,-7.161399841,3.566813745,18.0,2017,9,-1
107.8629913,-8.207248688,3.5457609841999997,16.0,2017,20,2
109.950386,-8.879012108,3.815279596,10.0,2017,0,-1
107.9710388,-8.242676735,3.613039044,30.0,2017,20,2
106.0862656,-6.684481144,3.609783408,66.0,2017,5,-1
107.0574493,-7.800998211,3.7186837119,58.0,2017,8,-1
107.8554764,-8.267614365,3.546449423,11.0,2017,20,2
110.7187881,-8.765134811,4.085319648,50.0,2017,21,-1
108.2673874,-8.222853661,3.980710831,37.0,2017,20,17
107.6878586,-8.668750763,3.946749712,10.0,2017,14,-1
107.2583313,-8.146288872,4.218101008,18.0,2017,2,8
108.6445999,-8.548623085,3.729131821,55.0,2017,6,11
107.8915939,-8.177709579,3.874487409,16.0,2017,20,2
107.8983994,-8.191835403,4.064355967,55.0,2017,20,2
107.6678543,-8.08098793,4.098462106,23.0,2017,20,-1
107.2700119,-7.884747982,3.944002059,28.0,2017,8,5
107.2807693,-8.16884613,3.725170023,21.0,2017,2,8
108.9842606,-8.467144012,3.617348301,15.0,2017,6,14
108.2408066,-8.27206707,4.370315557,14.0,2017,22,17
107.2733612,-7.851479053,3.623707093,32.0,2017,8,5
105.8705139,-7.507256985,3.5248915461999992,57.0,2017,1,4
107.8097305,-8.221056938,4.807050452,10.0,2017,20,2
113.359848,-8.805602074,3.825090978,10.0,2017,3,-1
113.1112442,-8.939352989,4.544880631,5.0,2017,3,27
107.2162476,-8.137043953,4.909613726,13.0,2017,2,8
110.5161667,-8.713260651,4.325301189,21.0,2017,0,-1
108.1261444,-8.754120827,3.874180325,10.0,2017,14,-1
107.151413,-8.032691002,3.5517528,22.0,2017,8,-1
107.7545547,-7.191596031,4.205613127,17.0,2017,15,10
111.2896729,-8.95300293,4.040181427,26.0,2017,7,16
112.5217819,-8.885807991,4.040398014,22.0,2017,3,9
108.6653976,-8.487131119,4.834291179,63.0,2017,6,11
105.8935471,-7.686283112,3.624683105,10.0,2017,1,4
112.4988861,-6.820619583,3.6838241343,10.0,2017,12,-1
108.9342422,-8.402349472,3.5028711692999996,64.0,2017,6,14
108.2590942,-8.276688576,4.200498372,32.0,2017,22,17
107.2975616,-7.888864994,3.852031055,24.0,2017,8,5
105.5890579,-7.083412647,3.506711777,22.0,2017,16,20
107.8386459,-8.279200554,3.67533574,17.0,2017,20,2
107.8597183,-8.373993874,3.707053133,24.0,2017,22,2
108.940918,-8.42346859,3.919313814,63.0,2017,6,14
112.8126602,-8.958321571,3.830210012,13.0,2017,3,-1
110.2254486,-8.851685524,3.590066364,10.0,2017,0,12
107.1782837,-8.518305779,3.513106249,10.0,2017,2,-1
107.2569504,-7.829617977,3.569578824,25.0,2017,8,5
108.4923248,-8.524456024,3.946507508,10.0,2017,22,11
107.5954742,-7.344110966,3.7606042,10.0,2017,15,0
106.0821991,-7.456121922,3.960405312,10.0,2017,1,4
107.8571091,-8.327098846,3.513821679,10.0,2017,22,2
107.1497345,-8.214864731,4.100226757,10.0,2017,2,8
105.0213394,-7.311021328,3.681615576,10.0,2017,16,-1
109.7551346,-8.725083351,3.845726606,58.0,2017,17,-1
106.211792,-7.676748753,3.654879645,67.0,2017,1,4
108.8418274,-8.476080894,3.797616472,16.0,2017,6,14
107.2189331,-7.898818493,3.925032116,26.0,2017,8,5
108.9654617,-8.427958488,4.837217672,68.0,2017,6,14
107.063324,-8.592308044,3.944524805,10.0,2017,2,-1
107.8924561,-8.075649261,3.7061124770000005,58.0,2017,20,2
107.0660248,-8.528274536,4.747305806,10.0,2017,2,-1
107.2462387,-7.860091209,3.911422339,28.0,2017,8,5
108.5613174,-8.476038933,3.552655327,54.0,2017,6,11
107.8888016,-8.116918564,3.521654107,32.0,2017,20,2
111.2401276,-8.817298889,3.533579504,30.0,2017,7,16
106.6052399,-7.358522892,4.595191118,62.0,2017,9,-1
107.1540756,-7.821604729,3.955390718,32.0,2017,8,5
107.8786545,-8.178250313,4.473833256,19.0,2017,20,2
111.946579,-7.021763325,3.960309353,10.0,2017,18,-1
107.8724823,-8.137827873,4.652582299,28.0,2017,20,2
109.00103,-8.377152443,4.35229313,28.0,2017,6,14
110.7537003,-8.442396164,3.742784866,12.0,2017,21,-1
107.2878952,-8.224298477,4.980861515,50.0,2017,2,8
105.3031082,-7.092932701,3.555808766,17.0,2017,16,1
107.8751831,-8.161934853,4.180388977,18.0,2017,20,2
107.1887054,-8.219524384,3.9348277,20.0,2017,2,8
107.3388062,-8.17431736,3.572723628,10.0,2017,2,8
106.5660934,-7.587934494,3.63597458,41.0,2017,11,7
106.6374664,-6.761954784,3.634333202,10.0,2017,5,23
108.4711609,-8.511723518,3.905511961,11.0,2017,22,11
106.6105804,-7.61844635,3.718109164,14.0,2017,11,7
107.4850311,-8.251669884,3.9039148,10.0,2017,2,8
105.9245071,-7.652779102,4.071234075,10.0,2017,1,4
108.7135162,-8.503214836,4.170100081,28.0,2017,6,11
108.3142929,-8.318292618,3.617575751,30.0,2017,22,-1
107.8461304,-8.199196815,3.673468618,12.0,2017,20,2
107.8802261,-8.123153687,3.637407668,24.0,2017,20,2
107.8830643,-8.293701172,3.746140702,10.0,2017,20,2
107.8484268,-8.312280655,4.023785162,10.0,2017,20,2
107.8391724,-8.234548569,3.678898513,12.0,2017,20,2
111.3995132,-8.934140205,3.500071715,10.0,2017,7,16
106.6120529,-7.42334938,4.629476878,45.0,2017,11,-1
108.0397644,-8.151257515,3.631689467,65.0,2017,20,-1
110.270256,-8.600404739,3.776431446,10.0,2017,17,-1
107.2470627,-7.898680687,3.783995484,28.0,2017,8,5
106.4352875,-7.758238792,4.536806533,12.0,2017,11,7
105.0592422,-7.992485046,3.842745007,12.0,2017,1,-1
107.0484467,-8.205196381,4.482781189,10.0,2017,2,-1
111.0690231,-8.796729088,3.542826765,10.0,2018,7,16
110.4149094,-8.953677177,3.856489419,30.0,2018,0,24
107.5678101,-8.425629616,3.941489997,11.0,2018,2,28
108.4441605,-8.458062172,3.663074067,21.0,2018,22,11
105.7493591,-7.043165684,3.783404577,48.0,2018,16,-1
109.1092148,-8.908902168,4.486387176,26.0,2018,14,-1
107.2990875,-7.852954388,3.661885686,27.0,2018,8,5
106.5784225,-7.970858097,3.59973808,10.0,2018,11,7
106.2575836,-7.25764513,4.398692293,20.0,2018,9,-1
106.0916977,-7.155687332,4.03417275,23.0,2018,9,4
106.1183167,-7.131346703,3.685835264,29.0,2018,9,4
106.0774307,-7.206905842,4.092828304,19.0,2018,9,4
106.012146,-7.162274361,4.271143852,20.0,2018,9,4
106.0749741,-7.109011173,3.547010461,28.0,2018,9,4
105.9792786,-7.19428587,3.798537359,19.0,2018,9,4
106.1091537,-7.199986458,4.830049239,32.0,2018,9,4
106.1236038,-7.221432686,4.309246593,27.0,2018,9,4
106.0858002,-7.233699322,4.014253492,28.0,2018,9,4
106.0897522,-7.235302448,4.131781563,37.0,2018,9,4
106.0926895,-7.26833725,3.716064086,32.0,2018,9,4
111.1551971,-8.972902298,4.388291965,10.0,2018,7,16
106.1239777,-7.211627007,4.096758946,33.0,2018,9,4
106.0486755,-7.224280834,3.562704397,29.0,2018,9,4
106.0807343,-7.212050438,4.226352258,41.0,2018,9,4
106.0502777,-7.163531303,3.83397422,32.0,2018,9,4
106.1073303,-7.220718861,4.150108508,25.0,2018,9,4
106.0950699,-7.155069351,3.623195228,21.0,2018,9,4
106.0537109,-7.210974216,3.50058131,39.0,2018,9,4
106.0396271,-7.175470829,3.654353726,31.0,2018,9,4
105.9797974,-7.230380535,4.041315536,11.0,2018,9,4
105.9869461,-7.213989735,4.851240048,46.0,2018,9,4
106.0778427,-7.226279736,3.989853966,27.0,2018,9,4
106.0478745,-7.186397552,4.477649052,31.0,2018,9,4
106.040863,-7.186733246,4.306308212,33.0,2018,9,4
105.8983307,-7.252923012,3.523048923,10.0,2018,9,4
106.0600586,-7.126395702,3.79381137,21.0,2018,9,4
106.9980392,-7.937001705,3.515103531,28.0,2018,8,15
106.4567108,-7.804292202,3.990565355,14.0,2018,11,7
105.9474411,-7.25968647,4.513308242,10.0,2018,9,4
106.6848755,-7.589854717,3.909692489,23.0,2018,11,7
111.8069382,-8.767377853,3.564596619,43.0,2018,7,-1
110.3577347,-8.923274994,3.621976042,10.0,2018,0,24
105.962471,-7.167845726,3.533192732,29.0,2018,9,4
111.6008301,-8.728199005,3.70711421,17.0,2018,7,-1
108.1163788,-8.340649605,3.578007202,24.0,2018,22,6
106.8753281,-7.175025463,3.518925693,10.0,2018,15,-1
106.0639801,-7.251069069,3.690437374,33.0,2018,9,4
105.9321899,-7.814946175,3.796061224,10.0,2018,1,4
105.8540802,-7.810323238,5.092630442,10.0,2018,1,4
106.3247604,-7.724248409,3.84295822,64.0,2018,11,7
106.4460449,-7.867462158,5.029225875,49.0,2018,11,7
105.8621216,-7.809691429,4.635526914,10.0,2018,1,4
105.9282608,-7.752912521,3.923768202,30.0,2018,1,4
111.4753723,-8.887405396,3.501166057,29.0,2018,7,16
110.9558563,-8.844987869,5.00895468,48.0,2018,7,19
106.1687927,-7.101141453,4.132541544,10.0,2018,9,4
106.6708984,-7.616865158,4.499446599,10.0,2018,11,7
110.9528732,-8.912834167,3.753595205,10.0,2018,7,19
106.1037674,-7.158733845,3.785544881,32.0,2018,9,4
106.5027313,-7.893685818,3.787029845,10.0,2018,11,7
112.7463379,-8.953291893,3.523549341,30.0,2018,3,-1
111.3014679,-8.9858675,3.979558765,10.0,2018,7,16
106.3277512,-7.877006531,3.849327688,10.0,2018,11,-1
106.0246277,-7.446468353,4.592979972,10.0,2018,1,4
105.1658936,-7.025784016,3.531023185,10.0,2018,16,-1
112.0620651,-7.947723866,4.077013281,10.0,2018,18,-1
105.388588,-7.498747826,4.054891239,10.0,2018,1,-1
105.4294434,-7.446949005,3.990571999,10.0,2018,16,-1
106.0086441,-7.511811256,4.344375726,10.0,2018,1,4
106.0980377,-6.913198471,3.96492518,10.0,2018,5,-1
110.7490158,-8.911538124,3.818215377,17.0,2018,0,-1
107.8373947,-8.026927948,3.685594041,29.0,2018,20,2
106.4217758,-7.787731171,3.507118682,10.0,2018,11,7
107.8137817,-8.358120918,3.730045979,10.0,2018,22,2
108.0430145,-8.414355278,4.035361397,10.0,2018,22,6
106.0021286,-7.348406792,5.182241055,40.0,2018,9,4
107.3631821,-8.246612549,3.907415154,10.0,2018,2,8
106.024826,-7.143196106,3.550643295,28.0,2018,9,4
108.4262238,-8.583363533,3.951860727,18.0,2018,22,11
106.624649,-7.857596874,3.765687154,16.0,2018,11,7
107.2842865,-7.881541252,3.647286612,24.0,2018,8,5
105.2301102,-7.258241177,4.389176672,10.0,2018,16,-1
107.294548,-7.933508396,3.859346507,20.0,2018,8,5
107.196106,-8.17753315,4.036140192,10.0,2018,2,8
105.2679214,-7.421341896,4.086332345,43.0,2018,16,-1
106.5336838,-7.799080849,3.669073463,17.0,2018,11,7
109.6856995,-7.21053648,3.502171679,10.0,2018,23,-1
113.5730896,-8.547123909,3.6428715709,7.0,2018,3,-1
107.3731537,-7.958432674,4.813597655,67.0,2018,8,8
107.2853928,-8.112010002,4.704806634,56.0,2018,2,8
106.8500137,-7.287900448,3.536904718,10.0,2018,15,-1
107.2770767,-7.870200634,3.635284771,24.0,2018,8,5
107.3933487,-7.993333817,4.130636314,49.0,2018,8,8
107.8355408,-8.238433838,4.224307519,11.0,2018,20,2
106.8421783,-7.280292511,4.349527277,10.0,2018,15,-1
106.8729553,-7.224440098,3.591503257,10.0,2018,15,-1
105.2733459,-7.196508408,4.251124951,10.0,2018,16,1
111.2890396,-7.030578613,3.646130316,13.0,2018,4,-1
112.6214066,-8.978007317,3.520078032,10.0,2018,3,-1
109.0051041,-8.714409828,4.124773987,10.0,2018,6,-1
108.4671173,-8.524777412,4.07002935,52.0,2018,22,11
107.2618484,-7.935972691,3.610586706,24.0,2018,8,5
107.2756882,-7.898766518,3.901129373,20.0,2018,8,5
107.215416,-8.045719147,4.218056195,32.0,2018,8,8
106.8939056,-7.176613808,4.363892502,10.0,2018,15,-1
110.2694016,-8.946458817,3.517305264,42.0,2018,0,12
108.1192093,-8.44260788,4.664298306,10.0,2018,22,6
111.1783524,-8.927657127,3.87337723,10.0,2018,7,16
112.4732819,-8.989155769,4.10846294,18.0,2018,3,9
112.4901199,-8.946586609,4.006985107,24.0,2018,3,9
112.4511337,-8.813623428,3.84117966,40.0,2018,3,9
107.5870514,-8.277347565,3.875490355,16.0,2018,2,18
106.461937,-7.822226524,4.235730247,12.0,2018,11,7
106.0305023,-7.216237068,4.72868022,18.0,2018,9,4
107.4612122,-7.965105057,4.377743615,10.0,2018,8,8
107.1248093,-7.801190853,3.592436872,32.0,2018,8,-1
113.9045868,-6.964819908,4.717570268,25.0,2018,12,-1
109.9369965,-8.756427765,4.274648479,21.0,2018,17,-1
107.3648911,-8.228583336,3.815624203,10.0,2018,2,8
110.2933502,-8.932388306,4.167247689,10.0,2018,0,12
105.9038391,-7.697193146,3.533207901,10.0,2018,1,4
106.5909958,-6.731219292,3.599510641,10.0,2018,5,23
105.957077,-7.750077724,3.916732512,10.0,2018,1,4
110.2622681,-8.824839592,4.256943812,27.0,2018,0,12
108.762001,-8.401157379,3.666557924,35.0,2018,6,-1
106.4796677,-7.608343601,3.957002053,51.0,2018,11,7
108.3020935,-8.922418594,3.575193671,24.0,2018,14,-1
107.8852997,-8.032578468,3.66156399,19.0,2018,20,2
108.6293411,-8.6948452,3.68990102,38.0,2018,14,-1
107.7148972,-7.276238918,3.865944719,10.0,2018,15,10
112.6839066,-8.934407234,3.78021641,34.0,2018,3,-1
106.4345856,-6.903019428,4.428522081,10.0,2018,5,25
106.4256439,-6.910066605,4.130949578,10.0,2018,5,25
106.4298706,-6.915261269,4.567886975,10.0,2018,5,25
106.3501053,-6.919997692,3.901105753,10.0,2018,5,26
106.4173965,-6.904340267,3.591761267,12.0,2018,5,25
106.4440613,-6.896858692,3.535922314,10.0,2018,5,25
107.3156128,-8.183679581,3.745370462,11.0,2018,2,8
106.4932785,-6.856408596,3.715186888,10.0,2018,5,25
106.3547821,-6.964454174,4.718220251,10.0,2018,5,26
107.6238327,-8.241744041,4.680852119,10.0,2018,2,18
111.1318512,-8.9246912,4.408822196,10.0,2018,7,16
113.0555191,-8.921563148,3.720104821,16.0,2018,3,27
107.419014,-7.990830421,4.176437929,17.0,2018,8,8
107.696701,-8.387322426,4.471978738,46.0,2018,22,-1
108.4235535,-8.344361305,3.600650047,52.0,2018,22,-1
106.2812576,-7.108632088,3.949885489,10.0,2018,9,-1
106.5866547,-7.877296925,3.707483793,10.0,2018,11,7
105.9998016,-7.50165081,3.667733276,28.0,2018,1,4
112.4358978,-8.943937302,4.774305531,50.0,2018,3,9
112.4653549,-8.821461678,3.99089506,32.0,2018,3,9
112.4423676,-8.908993721,4.564773459,26.0,2018,3,9
108.958931,-8.36914444,4.909643526,48.0,2018,6,14
105.5776596,-7.140257359,3.978669035,57.0,2018,16,20
107.0822372,-8.9171772,3.53718591,10.0,2018,14,-1
106.6801453,-7.523217678,4.688428434,35.0,2018,11,7
105.7983932,-7.713761806,4.219898372,10.0,2018,1,4
105.9311752,-7.703602314,3.844814098,28.0,2018,1,4
107.3784027,-7.754499435,3.575512721,15.0,2018,8,5
106.3825455,-7.733390331,3.632770429,10.0,2018,11,7
107.8993912,-8.166333199,3.812425661,18.0,2018,20,2
109.8808212,-8.893027306,4.344659536,25.0,2018,0,13
107.2531052,-7.844794273,3.574178023,29.0,2018,8,5
105.2621613,-7.12432003,4.262723801,10.0,2018,16,1
106.3716202,-7.909421444,3.608586559,19.0,2018,11,-1
107.3511658,-7.791248798,3.965033425,10.0,2018,8,5
108.1410828,-8.607114792,3.689893548,10.0,2018,22,-1
107.1036072,-7.92145443,3.825328296,27.0,2018,8,15
107.0325241,-8.048670769,3.570059644,10.0,2018,8,15
105.0556335,-7.221255779,4.412027124,24.0,2018,16,-1
105.3092651,-7.247310638,3.796440656,10.0,2018,16,1
108.6081085,-8.551925659,3.553289446,49.0,2018,6,11
107.3463898,-8.194909096,4.1411572,25.0,2018,2,8
107.7079773,-8.398153305,3.701926994,10.0,2018,22,2
107.5367813,-8.567695618,3.751748824,10.0,2018,22,-1
105.8937378,-7.109406948,3.722227034,56.0,2018,9,4
105.3153381,-7.315276146,4.360466806,10.0,2018,16,1
106.4146042,-7.77969408,3.673713924,10.0,2018,11,7
105.8698425,-7.14230442,4.871479921,49.0,2018,9,4
108.4569244,-8.99655056,4.516501559,44.0,2018,14,-1
107.8460922,-8.136537552,4.144734536,24.0,2018,20,2
106.4483109,-7.789256096,4.911964583,56.0,2019,11,7
107.8943176,-8.097026825,3.936336004,28.0,2019,20,2
107.2001648,-8.007675171,3.616709952,27.0,2019,8,8
107.3446274,-8.282326698,3.67545897,10.0,2019,2,8
112.7710266,-8.982566833,3.601969815,10.0,2019,3,-1
107.2092743,-8.139060974,3.920043396,12.0,2019,2,8
106.6571655,-7.606132507,3.526138778,11.0,2019,11,7
108.3209991,-6.710388184,3.69249339,14.0,2019,23,-1
107.8977814,-8.102872849,3.823558268,28.0,2019,20,2
108.7641983,-8.474061012,3.55064335,17.0,2019,6,11
107.693634,-7.300137997,4.450236361,15.0,2019,15,10
107.8724518,-8.109048843,4.096806336,24.0,2019,20,2
105.6871033,-7.034358978,4.810715484,46.0,2019,16,-1
110.2375488,-8.984628677,4.296359504,10.0,2019,0,12
113.7409973,-6.473792076,5.714087387,10.0,2019,12,-1
106.5583649,-7.80261755,3.951615395,12.0,2019,11,7
109.1936493,-8.495203018,4.003625373,12.0,2019,6,3
107.8882599,-8.174622536,4.021124245,15.0,2019,20,2
107.2553635,-7.885111332,3.83127214,30.0,2019,8,5
106.0427475,-7.393650055,3.796209763,27.0,2019,9,4
107.1283264,-8.498883247,3.756780806,10.0,2019,2,-1
105.8083572,-7.595244408,3.539183176,35.0,2019,1,-1
107.9586639,-8.441592216,3.52658754,10.0,2019,22,-1
107.2654037,-7.880915165,3.641545183,28.0,2019,8,5
106.0772858,-7.375267982,3.890708641,22.0,2019,9,4
106.6837921,-7.986954212,3.532611828,67.0,2019,8,-1
106.8002243,-7.246549129,3.651233924,10.0,2019,15,-1
107.3308105,-8.211735725,5.032726643,44.0,2019,2,8
108.381546,-8.521952629,3.980111508,45.0,2019,22,11
106.4811172,-7.717927933,3.67888825,25.0,2019,11,7
107.775238,-8.378168106,3.910486711,29.0,2019,22,2
107.3151169,-8.211550713,3.766660996,21.0,2019,2,8
106.2689438,-7.273628712,3.818560294,50.0,2019,9,-1
107.2823257,-7.864072323,3.904204084,25.0,2019,8,5
108.8528442,-8.442084312,4.405531452,36.0,2019,6,14
109.2007217,-8.433461189,3.794092462,25.0,2019,6,3
112.4906235,-8.935938835,4.539763838,65.0,2019,3,9
105.1219406,-7.284861088,3.710263354,26.0,2019,16,-1
110.851944,-6.726953983,3.760979568,6.0,2019,4,-1
107.2664642,-8.074920654,3.60261477,21.0,2019,2,8
107.2499695,-8.147210121,3.56763701,23.0,2019,2,8
105.9035645,-7.600435257,3.638764283,10.0,2019,1,4
107.9878616,-8.881760597,4.133176142,10.0,2019,14,-1
106.9095993,-7.997814655,4.020925395,19.0,2019,8,15
106.6322174,-7.732122421,3.71662993,13.0,2019,11,7
109.0208664,-8.372983932,3.507143213,23.0,2019,6,14
105.3259583,-7.28902483,3.605808833,11.0,2019,16,1
108.8447495,-8.432369232,5.32452395,46.0,2019,6,14
105.8661957,-7.80081892,3.609865446,10.0,2019,1,4
107.2759628,-7.82830286,3.997182626,37.0,2019,8,5
107.7242661,-8.236755371,3.559644411,26.0,2019,20,2
112.4873505,-8.887212753,3.593645902,30.0,2019,3,9
108.7022095,-8.444903374,5.188525185,54.0,2019,6,11
107.9079819,-8.153958321,4.355482179,17.0,2019,20,2
108.8869629,-8.366325378,3.782652955,37.0,2019,6,14
110.5813904,-8.982363701,4.107183898,10.0,2019,0,22
110.325531,-6.989160061,5.706508748,10.0,2019,4,-1
106.5785294,-7.743668556,3.726706021,18.0,2019,11,7
107.7339172,-8.243821144,3.970789311,10.0,2019,20,2
107.9103699,-8.138336182,4.392765167,18.0,2019,20,2
107.3133545,-8.214030266,4.211854148,10.0,2019,2,8
105.9559402,-7.138366699,3.709809648,10.0,2019,9,4
108.1552811,-8.209629059,4.018359989,32.0,2019,20,17
108.3587418,-8.347197533,4.447157619,50.0,2019,22,-1
106.0095749,-7.382401466,4.966862134,47.0,2019,9,4
113.9412003,-8.829922676,6.912013451,10.0,2019,3,-1
106.4189758,-7.48473835,4.624476761,19.0,2019,11,-1
108.4102859,-8.519115448,3.659160439,13.0,2019,22,11
110.134407,-8.69414711,4.971675785,62.0,2019,17,-1
106.6863556,-7.660809517,3.53231203,10.0,2019,11,7
106.098877,-7.336957455,4.303074657,15.0,2019,9,4
106.4376678,-7.862287045,3.699870622,10.0,2019,11,7
106.5371857,-6.789373398,4.045794855,2.0,2019,5,23
106.5426788,-6.791318893,3.579767921,2.0,2019,5,23
106.519455,-6.778941154,3.6411453,3.0,2019,5,23
106.5300751,-6.767422199,3.577385512,3.0,2019,5,23
107.5048981,-8.19777298,3.797701311,27.0,2019,2,-1
107.2630768,-7.870135307,3.711415232,29.0,2019,8,5
106.5077896,-6.784842014,4.034485457,2.0,2019,5,23
112.4637375,-8.905248642,4.481913195,10.0,2019,3,9
108.6862793,-8.589182854,3.831725235,26.0,2019,6,11
105.8921814,-7.673744678,3.693406508,13.0,2019,1,4
111.7789307,-8.758068085,3.674213129,28.0,2019,7,-1
107.2683563,-8.085679054,4.786558196,19.0,2019,2,8
108.1065674,-8.418375015,4.303917784,10.0,2019,22,6
109.1930237,-8.413476944,3.692245221,33.0,2019,6,3
107.9062195,-8.158698082,3.956909815,16.0,2019,20,2
112.4784088,-8.904973984,3.878116447,18.0,2019,3,9
107.6584015,-8.065548897,3.554006919,10.0,2019,20,-1
106.1170349,-7.355410099,4.099531256,21.0,2019,9,4
107.2735825,-7.846061707,3.624841352,29.0,2019,8,5
105.8314743,-7.68117094,4.303773505,10.0,2019,1,4
107.8925171,-8.146711349,3.563760188,18.0,2019,20,2
108.2294769,-8.203235626,4.647685843,15.0,2019,20,17
109.8005371,-8.93161869,4.040243756,10.0,2019,0,13
108.8314896,-8.567414284,4.76767395,10.0,2019,6,14
108.8686981,-8.549582481,4.372446796,10.0,2019,6,14
107.9222717,-8.183940887,3.680844668,10.0,2019,20,2
111.3034668,-8.976820946,3.640077376,16.0,2019,7,16
107.9093628,-8.17873764,3.96018189,10.0,2019,20,2
107.2421951,-8.077390671,3.936966842,18.0,2019,2,8
111.7230606,-8.368154526,4.250747167,29.0,2019,21,-1
110.2427292,-8.79449749,3.780076505,20.0,2019,0,12
108.7003937,-8.104215622,4.335771294,54.0,2019,20,-1
106.5422363,-7.058154106,3.863466279,10.0,2019,5,-1
110.7051086,-8.446631432,3.775897346,10.0,2019,21,-1
108.2426147,-8.184454918,4.762044008,25.0,2019,20,17
109.1939316,-8.415532112,3.919854595,10.0,2019,6,3
107.8958282,-8.085792542,4.241200178,35.0,2019,20,2
107.897438,-8.127999306,3.986663465,14.0,2019,20,2
108.8706741,-8.504310608,3.65310815,10.0,2019,6,14
110.3445892,-8.960581779,4.640405443,10.0,2019,0,24
107.1247101,-7.950469494,3.704551086,23.0,2019,8,15
107.2244644,-8.194823265,4.165824981,11.0,2019,2,8
105.9273453,-7.552417755,3.724471031,10.0,2019,1,4
107.9123993,-8.112855911,4.4045181,17.0,2019,20,2
109.7990189,-8.982075691,4.56369325,10.0,2019,0,13
107.0978394,-8.488215446,3.659155718,10.0,2019,2,-1
106.5495758,-7.790138721,3.997914643,10.0,2019,11,7
107.8667374,-8.122624397,4.009375114,31.0,2019,20,2
108.7348557,-8.626664162,4.041325021,10.0,2019,6,11
111.3874741,-8.920973778,4.24516585,16.0,2019,7,16
111.2698212,-8.799314499,4.271221594,38.0,2019,7,16
105.9311752,-7.266814709,3.810851941,68.0,2019,9,4
112.5342407,-8.794400215,3.508524127,36.0,2019,3,9
105.9770279,-7.206945896,3.82179886,13.0,2019,9,4
106.0359039,-7.470118046,3.774110705,14.0,2019,1,4
112.775444,-8.813131332,5.352046721,43.0,2019,3,-1
107.8268814,-7.099684715,5.028118184,10.0,2019,15,-1
109.3174515,-6.257637501,5.543466368,10.0,2019,19,-1
108.5425186,-8.317369461,4.642632441,56.0,2019,22,-1
113.0135651,-8.954909325,4.208446868,12.0,2019,3,27
106.7562561,-6.969173431,5.116608352,10.0,2019,5,-1
111.9046631,-8.560845375,3.603653824,65.0,2019,21,-1
105.7114944,-7.112965107,3.844960955,69.0,2019,16,-1
106.232605,-7.544559479,3.900007607,21.0,2019,1,-1
107.2739258,-7.887994289,3.98040585,20.0,2019,8,5
110.1634598,-8.959270477,3.652834296,10.0,2019,0,-1
107.0245361,-7.938688278,3.865777221,10.0,2019,8,15
105.8731155,-7.785985947,3.775424282,10.0,2019,1,4
107.0314865,-8.038780212,4.352384607,10.0,2019,8,15
107.2806854,-7.860147953,4.070513928,20.0,2019,8,5
106.6519928,-7.590653896,4.05525678,20.0,2019,11,7
105.891716,-7.511773109,4.702673591,10.0,2019,1,4
113.8027344,-6.463579178,5.283907313,10.0,2019,12,-1
109.4225159,-8.468306541,3.812374465,10.0,2019,6,-1
106.6975403,-7.607729435,3.501124794,22.0,2019,11,7
108.564682,-6.414844036,4.963681179,10.0,2019,19,-1
107.3474808,-8.002112389,3.678618569,20.0,2019,8,8
111.2947083,-6.855415821,3.657101554,19.0,2019,4,-1
108.7640457,-8.475073814,3.719253278,50.0,2019,6,11
107.2555542,-8.110523224,3.751192301,14.0,2019,2,8
105.6010971,-7.064824104,3.973980323,19.0,2019,16,20
107.3107529,-8.156995773,3.635042524,13.0,2019,2,8
107.2805939,-7.878808022,3.898171018,20.0,2020,8,5
107.9173584,-7.991178989,3.985845825,53.0,2020,20,2
107.8881149,-8.11703968,3.862142854,25.0,2020,20,2
107.2472916,-7.905310631,4.17778752,15.0,2020,8,5
107.334877,-8.117307663,4.924720104,55.0,2020,2,8
105.9266739,-7.496243954,4.344108904,10.0,2020,1,4
110.9844666,-8.982024193,3.780126093,25.0,2020,7,19
108.589798,-8.834147453,3.837043112,10.0,2020,14,-1
108.5564957,-8.852581024,3.754343747,10.0,2020,14,-1
107.2758636,-7.859739304,3.685357201,21.0,2020,8,5
106.1481323,-7.469027042,5.549975876,10.0,2020,1,4
107.728302,-7.214025497,4.624648064,3.0,2020,15,10
113.0730515,-7.233778,7.003433245,10.0,2020,18,-1
109.4076767,-8.452008247,3.951851714,36.0,2020,6,-1
112.615448,-7.80899477,3.606182327,19.0,2020,18,-1
105.0268936,-7.151454926,3.91265795,18.0,2020,16,-1
108.111763,-8.357831955,3.603493439,24.0,2020,22,6
111.9896393,-7.682167053,4.095326804,10.0,2020,18,-1
110.9439621,-6.557617188,4.605129232,10.0,2020,4,-1
106.0331726,-7.343821049,4.197245274,5.0,2020,9,4
107.4939728,-8.08343029,4.384910541,56.0,2020,2,-1
108.8524857,-8.66877079,3.598043696,25.0,2020,6,-1
108.9673233,-8.369632721,3.765664927,18.0,2020,6,14
108.9803085,-8.556308746,3.503883193,10.0,2020,6,14
107.0171967,-7.786986351,4.262893458,25.0,2020,8,15
106.0383682,-7.445070744,4.217764991,10.0,2020,1,4
106.9101944,-6.538208485,5.029083817,10.0,2020,5,-1
106.6107788,-6.783432007,5.024119542,10.0,2020,5,23
107.3502808,-6.7409935,3.604047546,3.0,2020,5,-1
107.8736649,-8.064377785,3.705076249,20.0,2020,20,2
110.9728699,-8.937049866,3.780607062,57.0,2020,7,19
108.8577576,-8.602239609,4.332080311,10.0,2020,6,14
105.5673752,-7.021215439,4.137934375,25.0,2020,16,20
106.5792236,-7.838786602,4.654241544,34.0,2020,11,7
107.9194183,-8.306652069,3.509173102,10.0,2020,20,2
107.1249313,-7.761162281,3.618079898,36.0,2020,8,-1
105.9172745,-7.57079792,4.089140599,10.0,2020,1,4
105.8741531,-7.602804184,3.545188242,10.0,2020,1,4
107.8701096,-8.093369484,3.690686073,19.0,2020,20,2
106.9531326,-7.883131981,3.553658941,12.0,2020,8,15
105.4377365,-7.309344769,3.6729408,24.0,2020,16,-1
106.1774368,-7.405426502,3.907698555,49.0,2020,9,4
107.8910675,-8.196154594,4.484158226,20.0,2020,20,2
106.3231659,-6.882854939,3.641109723,10.0,2020,5,-1
111.2283096,-8.462255478,3.722190763,10.0,2020,21,-1
105.4862289,-7.152517319,3.557819699,10.0,2020,16,1
112.4854965,-8.905104637,4.524809574,36.0,2020,3,9
111.2745132,-8.969952583,4.518688047,27.0,2020,7,16
106.9289474,-7.776536942,4.5301463,29.0,2020,11,15
106.4969254,-7.05348444,3.644979649,10.0,2020,5,-1
107.8785553,-8.236293793,3.544383065,10.0,2020,20,2
106.7049942,-7.500636578,4.651381184,11.0,2020,11,7
108.2003174,-8.174068451,4.82781559,29.0,2020,20,17
108.2202072,-8.207044601,3.981553526,28.0,2020,20,17
110.0873032,-7.778615952,5.334478719,10.0,2020,10,-1
106.4322586,-7.687558174,4.540401913,12.0,2020,11,7
106.5451584,-7.771173,3.778388193,13.0,2020,11,7
106.063179,-7.38318491,3.675810906,30.0,2020,9,4
108.1351852,-8.360696793,4.927781254,10.0,2020,22,6
107.8704834,-8.080752373,4.71161646,65.0,2020,20,2
110.8347015,-8.961758614,4.680904056,10.0,2020,7,-1
106.9132614,-7.696704865,4.24999517,17.0,2020,11,15
107.3549347,-7.664888859,3.987893512,69.0,2020,8,-1
107.861908,-8.082810402,3.855799708,17.0,2020,20,2
107.2143707,-7.803602695,4.003114204,33.0,2020,8,5
107.8759003,-8.118471146,4.635552158,65.0,2020,20,2
106.6875839,-7.567862034,3.900181356,26.0,2020,11,7
106.0188904,-7.483985901,3.934886923,25.0,2020,1,4
108.4558792,-8.379385948,3.929086369,10.0,2020,22,11
106.0843124,-7.061790943,4.157201053,19.0,2020,9,4
107.2769623,-7.823471069,3.960898635,21.0,2020,8,5
107.2515869,-7.773008823,3.906680793,21.0,2020,8,5
105.4186172,-7.40113306,5.008574922,10.0,2020,16,-1
107.2677765,-7.80706358,3.571256656,24.0,2020,8,5
105.9061432,-7.232601166,4.498190716,17.0,2020,9,4
111.1503067,-8.992337227,3.772519565,10.0,2020,7,-1
113.9014587,-6.514848232,5.820788988,10.0,2020,12,-1
107.9084854,-8.263055801,3.532371363,10.0,2020,20,2
106.4619522,-7.752978802,4.008560445,11.0,2020,11,7
107.8708878,-8.231860161,4.136109445,10.0,2020,20,2
110.5270767,-8.99236393,3.92269996,40.0,2020,0,22
112.2547607,-7.655130863,5.417680557,10.0,2020,18,-1
106.0775299,-7.317730427,4.059354396,23.0,2020,9,4
107.7161331,-7.23862648,3.529349529,10.0,2020,15,10
106.3709946,-7.06655407,5.490851732,10.0,2020,9,-1
106.9147415,-7.6887784,4.399289849,18.0,2020,11,15
111.2752151,-7.397469997,5.053441668,10.0,2020,18,-1
110.1854477,-6.650591373,7.89469772,10.0,2020,4,-1
112.0602188,-8.913305283,3.514970489,10.0,2020,3,-1
109.0625,-8.425820351,3.525749475,28.0,2020,6,14
106.8909073,-7.723791599,4.573674864,17.0,2020,11,15
109.8828201,-8.775797844,4.49801878,45.0,2020,17,-1
111.2072601,-7.814626694,4.47462481,10.0,2020,10,-1
107.8895645,-8.135375977,3.748511718,21.0,2020,20,2
107.3277283,-8.151786804,4.335414843,26.0,2020,2,8
106.2969055,-6.782419682,3.60099877,10.0,2020,5,-1
113.2698212,-7.2191782,5.236389476,10.0,2020,18,-1
108.4811783,-8.573872566,3.806418507,10.0,2020,22,11
107.0218811,-7.887666225,4.440927952,11.0,2020,8,15
107.3541031,-8.009599686,3.531616872,16.0,2020,8,8
108.3106155,-6.298580647,4.819112502,10.0,2020,19,-1
106.0815506,-7.597282887,3.803465249,17.0,2020,1,4
106.7359467,-7.492545128,4.239460502,33.0,2020,11,7
107.033493,-6.637212276,4.272274271,6.0,2020,5,-1
113.2217407,-8.550254822,5.162422011,10.0,2020,3,-1
107.338913,-7.862246037,4.404834562,10.0,2020,8,5
107.0475464,-7.676785469,5.232975457,5.0,2020,11,-1
108.0691452,-7.693834782,4.774028051,10.0,2020,8,-1
110.3951111,-8.432228088,5.349505631,10.0,2020,17,-1
107.2730637,-8.04413414,4.417184529,10.0,2020,8,8
105.3918304,-7.036550045,3.939984538,10.0,2020,16,1
106.9086075,-7.971457958,3.634121445,10.0,2020,8,15
108.7202911,-8.666689873,3.970569775,10.0,2020,6,-1
106.5116196,-7.810968876,5.089665105,10.0,2020,11,7
107.3056488,-7.8328228,3.562403354,31.0,2020,8,5
112.5583496,-8.860332489,3.77005247,29.0,2020,3,9
105.7280884,-7.993667126,3.816216716,10.0,2020,1,-1
106.9881363,-7.834942341,3.712358507,10.0,2020,8,15
107.3309326,-8.09173584,4.053134513,10.0,2020,2,8
111.1344604,-8.696123123,3.806200095,8.0,2020,21,-1
110.8656693,-8.782248497,3.930127523,20.0,2020,7,-1
108.2294235,-8.291601181,4.235307259,10.0,2020,22,17
108.4517441,-8.866389275,4.969784391,10.0,2020,14,-1
110.6521606,-8.606028557,3.955729065,19.0,2020,21,-1
107.6914749,-5.37537384,5.479512684,10.0,2020,13,-1
106.593132,-7.978852749,3.704813188,10.0,2020,8,7
106.5816498,-7.728499413,3.705474711,10.0,2020,11,7
106.7167358,-7.841137409,3.663186081,10.0,2020,11,-1
110.8175583,-8.736838341,3.802848613,10.0,2020,21,-1
108.7667236,-8.320598602,4.136688395,24.0,2020,6,-1
108.0310135,-6.825218678,5.758387438,10.0,2020,23,-1
108.6351471,-8.503756523,3.623336144,44.0,2020,6,11
110.8619537,-8.6817379,3.755827732,26.0,2020,21,-1
107.7835693,-8.333631516,3.574683343,20.0,2020,20,2
108.1303711,-8.331428528,4.776531488,10.0,2020,22,6
106.271286,-7.018959999,3.595327218,10.0,2020,9,26
106.3087082,-6.981541157,4.437933115,10.0,2020,5,26
107.1690369,-8.726027489,4.016464026,10.0,2020,14,-1
106.3171692,-6.988249779,3.565660889,11.0,2020,5,26
107.8916245,-8.155957222,5.472525634,51.0,2020,20,2
107.8549881,-8.249461174,3.749344808,12.0,2020,20,2
107.8639679,-8.149982452,4.843379002,18.0,2020,20,2
106.3235168,-6.986313343,3.767144943,10.0,2020,5,26
108.7206116,-6.771321297,4.831723364,10.0,2020,23,-1
111.4986801,-8.922294617,3.610366636,10.0,2020,7,16
112.3515167,-8.692344666,4.981377264,49.0,2020,3,-1
111.2381287,-6.73800087,5.266361534,10.0,2020,4,-1
105.4128036,-7.181960106,3.569245506,10.0,2020,16,1
107.8453064,-8.622804642,3.940057867,10.0,2020,22,-1
107.5915604,-7.183951378,4.052531613,10.0,2020,15,-1
106.9670563,-7.720558167,3.52903087,27.0,2020,11,15
105.9798126,-7.520047665,4.700243487,60.0,2020,1,4
107.0086365,-8.317907333,3.566745264,10.0,2020,2,-1
107.6051636,-6.244724751,5.523181789,10.0,2020,19,-1
106.1635818,-7.775462627,3.844558329,11.0,2020,1,4
106.1429062,-7.838299751,3.569028276,11.0,2020,1,-1
107.0920334,-7.884888649,3.515219742,10.0,2020,8,15
108.9108658,-8.581116676,4.205235589,10.0,2020,6,14
106.7971344,-6.886469364,4.304783983,10.0,2020,5,-1
110.3358994,-8.851180077,4.061028338,10.0,2020,0,12
110.5182724,-8.587622643,4.306491637,28.0,2020,21,-1
110.5367355,-8.948928833,3.725469569,10.0,2020,0,22
106.3957977,-7.759848595,4.964133431,21.0,2020,11,7
111.3944397,-8.928640366,4.567853646,10.0,2020,7,16
108.6934052,-8.533037186,3.870451863,10.0,2020,6,11
107.5444641,-5.218909264,5.262605072,10.0,2020,13,-1
109.926857,-8.78748703,3.543472094,10.0,2020,0,-1
107.4204788,-7.5702672,4.679773283,10.0,2020,15,-1
108.7634048,-7.097017765,3.80086241,2.0,2020,23,-1
105.8440628,-7.964900494,3.565671614,10.0,2020,1,-1
106.1253967,-7.567948341,3.725749261,16.0,2020,1,-1
108.9594498,-8.484276772,3.645827834,18.0,2020,6,14
107.360466,-8.159039497,3.623871185,10.0,2020,2,8
112.2849197,-6.150683403,5.122016758,10.0,2020,12,-1
113.3467865,-8.48184967,3.720717383,10.0,2020,3,-1
108.3094025,-8.923006058,5.914603025,10.0,2021,14,-1
108.9693298,-8.41387558,3.570830873,25.0,2021,6,14
106.172966,-7.264853954,3.897893403,26.0,2021,9,4
111.1871567,-8.877291679,3.674752261,24.0,2021,7,16
110.3117447,-8.79057312,4.773722374,10.0,2021,0,12
106.1098633,-7.757923603,3.802854231,10.0,2021,1,4
110.1928329,-7.98836565,4.43328875,10.0,2021,10,-1
107.9126282,-8.087351799,3.805681259,13.0,2021,20,2
109.9725189,-6.749794006,5.469357966,10.0,2021,4,-1
109.4531555,-7.558031559,3.667473315,12.0,2021,10,-1
108.689682,-8.548587799,4.513273842,44.0,2021,6,11
112.9533691,-8.974167824,3.857904601,17.0,2021,3,27
107.8369064,-8.112164497,3.562495519,27.0,2021,20,2
107.2626953,-7.833529472,3.550335106,27.0,2021,8,5
110.9494553,-8.785369873,4.060598746,38.0,2021,7,19
105.9126663,-7.869260311,3.684205266,14.0,2021,1,4
107.3613205,-8.06063652,3.772403585,21.0,2021,2,8
107.8921432,-8.121813774,4.037996024,14.0,2021,20,2
108.9497147,-8.428756714,4.271714597,67.0,2021,6,14
107.1495438,-8.21988678,4.5538211,52.0,2021,2,8
106.9315338,-7.707830906,3.555293209,10.0,2021,11,15
109.2456665,-8.488918304,3.6529128,30.0,2021,6,3
108.9063568,-6.941839218,4.622495547,62.0,2021,23,-1
107.896965,-8.116477966,3.716975676,17.0,2021,20,2
106.5592499,-7.602602005,4.880753168,27.0,2021,11,7
110.28125,-8.755594254,4.802818062,10.0,2021,0,12
107.3197327,-8.172685623,3.789045271,10.0,2021,2,8
105.9260406,-7.187870979,4.325579688,10.0,2021,9,4
106.9568405,-7.956607342,3.568639966,10.0,2021,8,15
107.6024017,-8.394449234,4.363254205,10.0,2021,2,28
105.5314102,-7.186745644,3.67801886,10.0,2021,16,1
107.9968262,-8.532595634,4.043771624,48.0,2021,22,-1
107.895256,-8.132655144,3.625012381,18.0,2021,20,2
111.9203262,-8.400178909,5.203889352,10.0,2021,21,-1
108.782547,-7.224495411,5.531612651,10.0,2021,23,-1
111.8503571,-6.038868904,5.527386963,10.0,2021,12,-1
110.9340363,-8.893630028,3.788917626,10.0,2021,7,19
105.8816376,-7.151369572,3.775248357,22.0,2021,9,4
112.0844269,-6.782288551,5.61888817,10.0,2021,12,-1
110.1414261,-8.799720764,3.726558178,10.0,2021,0,-1
110.2932358,-8.806711197,4.018349484,30.0,2021,0,12
110.2327118,-8.978560448,3.740018708,57.0,2021,0,12
109.8646545,-6.771179676,4.902647079,10.0,2021,4,-1
111.1732712,-6.423079491,5.286002875,10.0,2021,4,-1
106.8790436,-7.733281136,4.246820242,30.0,2021,11,15
106.528183,-7.64652729,4.356409868,43.0,2021,11,7
107.0117416,-7.922195911,3.829523343,10.0,2021,8,15
109.2540665,-6.079064369,4.838821324,10.0,2021,19,-1
107.022377,-7.935760498,3.619012695,13.0,2021,8,15
113.52034,-8.905331612,4.754831628,36.0,2021,3,-1
110.4729614,-7.673045635,5.263208904,10.0,2021,10,-1
108.1604996,-8.237541199,3.782100613,28.0,2021,20,17
111.2717667,-8.977820396,3.945605395,10.0,2021,7,16
107.958313,-5.295640469,4.703144721,10.0,2021,13,-1
112.46492,-8.897109985,3.769473947,37.0,2021,3,9
112.4799576,-8.927929878,3.53784401,33.0,2021,3,9
112.4526291,-8.933433533,4.274949119,33.0,2021,3,9
112.4390411,-8.934886932,3.712994402,34.0,2021,3,9
112.5014191,-8.928380013,3.504548183,38.0,2021,3,9
105.9011459,-7.350904942,4.492675232,37.0,2021,9,4
110.6307068,-8.561991692,3.594031509,10.0,2021,21,-1
110.6473999,-8.598273277,4.515818921,10.0,2021,21,-1
111.8498001,-7.209053516,5.633583364,10.0,2021,18,-1
108.5393448,-8.523156166,4.049178144,10.0,2021,22,11
109.1805725,-7.939796448,5.658052328,10.0,2021,6,-1
107.6332092,-8.049396515,4.142085248,48.0,2021,20,-1
106.5730515,-7.749344826,3.934362759,20.0,2021,11,7
110.7042084,-8.964690208,3.973826912,10.0,2021,0,-1
107.7963104,-6.639094353,5.1733021,2.0,2021,19,-1
107.6848679,-6.25551939,4.911961324,10.0,2021,19,-1
107.6679688,-7.270246983,3.665925849,5.0,2021,15,10
112.4525223,-8.900462151,3.567409184,39.0,2021,3,9
107.3609085,-7.725667477,3.507646803,17.0,2021,8,-1
110.2762299,-8.747319221,4.872104444,10.0,2021,0,12
106.8945084,-7.779696941,4.906409041,29.0,2021,11,15
106.9289551,-7.796095848,3.845013359,10.0,2021,8,15
110.4421692,-8.426208496,5.510519856,65.0,2021,21,-1
106.8880615,-7.35525322,5.204909772,10.0,2021,15,-1
106.1070786,-7.647629261,4.75245538,10.0,2021,1,4
106.8115921,-7.82110405,3.882321028,10.0,2021,11,15
105.8577499,-7.513571739,3.553631927,10.0,2021,1,4
107.2626495,-7.822520733,4.273659014,23.0,2021,8,5
110.0110779,-8.688739777,3.67085332,10.0,2021,17,-1
107.8834457,-8.050543785,3.561448465,22.0,2021,20,2
107.9085312,-8.137069702,3.679790822,17.0,2021,20,2
107.198288,-8.219309807,4.729012029,10.0,2021,2,8
106.4103394,-7.522404671,4.406333995,67.0,2021,11,-1
105.4553986,-7.006548405,3.618126506,15.0,2021,16,1
105.7282181,-7.703330994,3.922302321,28.0,2021,1,-1
106.6814423,-7.627161026,4.060972308,25.0,2021,11,7
112.4657516,-8.910617828,3.971945761,37.0,2021,3,9
105.8674698,-7.391205788,4.358454968,39.0,2021,9,4
107.0338898,-7.917224407,4.817662376,10.0,2021,8,15
107.8950348,-8.128570557,3.506293558,18.0,2021,20,2
107.3278122,-8.014821053,3.926206573,13.0,2021,8,8
113.2989349,-7.603517056,4.659686901,10.0,2021,18,-1
107.2316437,-8.119419098,3.843150149,10.0,2021,2,8
110.8928375,-8.880999565,4.065448897,10.0,2021,7,19
107.9047546,-8.12754631,4.02377747,24.0,2021,20,2
107.8940964,-8.117503166,3.95043205,21.0,2021,20,2
108.4521332,-8.540113449,3.935107332,3.0,2021,22,11
107.9163055,-8.602646828,4.183508866,10.0,2021,22,-1
107.755043,-8.354780197,3.652615046,10.0,2021,22,2
108.4990616,-8.449339867,3.583732986,18.0,2021,22,11
106.116745,-7.703887463,3.584209655,10.0,2021,1,4
106.156456,-7.591647148,3.784825018,29.0,2021,1,-1
112.4644012,-8.891327858,3.940797979,30.0,2021,3,9
111.7837677,-8.993662834,4.042417032,10.0,2021,7,-1
107.884201,-8.291751862,3.937110844,15.0,2021,20,2
107.509819,-7.880164623,3.587163207,31.0,2021,8,-1
109.1464996,-8.492753983,3.589325118,11.0,2021,6,3
109.0244522,-8.384127617,3.55090323,29.0,2021,6,14
105.3796692,-7.118086338,3.981960009,10.0,2021,16,1
107.2906799,-7.841394901,4.091969055,25.0,2021,8,5
108.6660004,-7.226395607,3.891057979,10.0,2021,23,-1
112.123497,-8.958242416,3.549934186,29.0,2021,3,-1
109.8787155,-8.991114616,3.609837509,10.0,2021,0,13
107.288826,-7.925877571,3.701860845,26.0,2021,8,5
111.4272995,-8.992009163,4.759620573,61.0,2021,7,16
111.4402924,-8.884512901,3.815404524,10.0,2021,7,16
110.1141052,-8.884056091,3.884433317,10.0,2021,0,-1
109.6097412,-8.423312187,3.542724083,41.0,2021,17,-1
111.4451904,-8.911027908,3.727707705,10.0,2021,7,16
105.9722977,-7.525609016,3.629992099,10.0,2021,1,4
107.2618713,-7.838213444,4.148318607,27.0,2021,8,5
107.2617798,-7.873494625,4.083179173,25.0,2021,8,5
107.2767029,-7.854103565,4.080263663,23.0,2021,8,5
111.3002777,-8.841462135,3.722321877,10.0,2021,7,16
109.0064316,-8.330057144,4.883010256,66.0,2021,6,14
109.8677139,-8.954965591,4.525294763,10.0,2021,0,13
106.1158371,-7.438951015,3.661285641,33.0,2021,1,4
107.600914,-8.34720993,4.4451932,10.0,2021,2,28
107.6023026,-8.279571533,4.728380838,10.0,2021,2,18
113.188118,-7.381753922,6.469040206,10.0,2021,18,-1
106.4990311,-7.804138184,3.593376867,10.0,2021,11,7
108.4574814,-8.446512222,3.62668457,11.0,2021,22,11
113.0278778,-8.952731133,3.641298355,20.0,2021,3,27
111.2523575,-8.966389656,3.58154999,10.0,2021,7,16
106.1447296,-7.358799458,3.773896208,28.0,2021,9,4
107.2024078,-8.096387863,3.601467829,12.0,2021,2,8
107.9063721,-8.149875641,4.411983751,16.0,2021,20,2
105.513176,-7.110857487,4.093269662,10.0,2021,16,1
106.5947647,-7.700850487,3.602073311,20.0,2021,11,7
111.618042,-6.155764103,5.508127344,10.0,2021,4,-1
108.9429092,-8.413739204,3.647875038,20.0,2021,6,14
105.3560181,-7.003344536,3.89806726,14.0,2021,16,1
106.7609482,-7.519901276,4.979923143,44.0,2021,11,7
107.8980331,-8.102560043,3.713460147,20.0,2021,20,2
106.1260223,-7.140376091,3.528438723,24.0,2021,9,4
107.9271545,-8.176025391,3.979108871,13.0,2021,20,2
109.8404846,-7.082163811,3.751775119,10.0,2021,23,-1
110.1401672,-8.628405571,4.440676917,20.0,2021,17,31
106.6946487,-7.537824154,3.854825931,29.0,2021,11,7
107.3226624,-8.146401405,4.776435092,13.0,2021,2,8
107.307312,-7.791908741,3.881416922,28.0,2021,8,5
105.3921509,-7.205122471,3.997184987,10.0,2021,16,1
110.9447479,-8.975031853,4.515620165,54.0,2021,7,19
107.87117,-8.134584427,3.535363678,22.0,2021,20,2
110.4165955,-7.303890705,3.515771797,10.0,2021,10,-1
110.9015961,-8.907921791,4.616485603,10.0,2021,7,19
106.7028656,-7.531396866,4.506718179,27.0,2021,11,7
112.5053406,-8.884417534,3.938733197,32.0,2021,3,9
107.2987747,-8.046300888,3.596664626,10.0,2021,8,8
112.3373032,-7.116437912,5.698094134,68.0,2021,18,-1
105.7641144,-7.606293678,4.868334607,45.0,2021,1,-1
107.2223892,-8.306553841,3.784820448,20.0,2021,2,-1
110.3653259,-8.734251022,3.579849226,10.0,2021,0,12
109.8844604,-8.982069969,3.800621208,10.0,2021,0,13
108.0674515,-8.680829048,3.799772626,10.0,2021,14,-1
107.7153397,-8.254555702,3.56882032,12.0,2021,20,2
106.58255,-7.807494164,3.946731908,10.0,2021,11,7
105.544487,-7.224920273,3.980975533,10.0,2021,16,-1
107.3799591,-6.529400349,3.657089566,3.0,2021,5,-1
109.7675934,-8.556966782,3.947919427,20.0,2021,17,29
107.6671371,-7.216941357,3.912759077,9.0,2021,15,10
106.0868912,-7.315422535,4.157303196,22.0,2021,9,4
107.8805923,-8.378222466,3.624446453,10.0,2021,22,2
110.3075333,-8.991232872,3.87445851,10.0,2021,0,12
106.0787506,-7.438473701,3.529868821,27.0,2021,1,4
113.4704895,-8.600106239,5.282913218,10.0,2021,3,-1
110.3293533,-8.830961227,3.575106732,10.0,2021,0,12
110.9375916,-8.878371239,3.870272593,10.0,2021,7,19
109.7176361,-8.593327522,3.940088746,11.0,2021,17,29
105.3999557,-7.021589756,4.804654006,11.0,2021,16,1
107.9133301,-8.186434746,3.599340931,23.0,2021,20,2
106.9130859,-7.740869045,4.265595796,19.0,2021,11,15
105.4571457,-7.210057259,3.550814675,10.0,2022,16,1
105.4648056,-7.156923771,3.891183543,10.0,2022,16,1
106.0402832,-7.527466774,3.581839287,10.0,2022,1,4
105.425499,-7.219363689,4.292615358,10.0,2022,16,1
107.8579025,-8.246340752,4.238244279,20.0,2022,20,2
105.9128036,-7.232160091,3.5266871,31.0,2022,9,4
105.2673721,-7.056485653,4.816872126,10.0,2022,16,1
112.9430008,-7.247255325,4.067807943,10.0,2022,18,-1
105.312912,-7.000191689,3.812275332,15.0,2022,16,1
105.8622589,-7.484628677,5.224525224,50.0,2022,1,4
106.0106812,-7.465238094,4.122872739,13.0,2022,1,4
105.9572144,-7.469519615,3.903261553,10.0,2022,1,4
106.8956833,-7.736458778,3.695089706,24.0,2022,11,15
106.5689392,-7.195663452,3.754389395,58.0,2022,9,-1
105.3351593,-7.121865749,3.844603917,10.0,2022,16,1
107.2981415,-7.475614548,3.937764057,10.0,2022,15,-1
108.1109924,-8.797080994,4.715974178,37.0,2022,14,-1
112.2203979,-8.602060318,3.798429914,16.0,2022,3,-1
107.9220352,-8.114245415,4.406187824,31.0,2022,20,2
105.949646,-7.635698795,3.98245146,28.0,2022,1,4
107.9053345,-8.577919006,3.998666648,23.0,2022,22,-1
105.8764191,-7.392263889,5.203588968,62.0,2022,9,4
106.716835,-7.575447559,3.964155618,32.0,2022,11,7
110.3169708,-8.840849876,3.666656696,10.0,2022,0,12
107.0427704,-8.011973381,3.508580329,10.0,2022,8,15
109.3034973,-8.744587898,4.60258127,10.0,2022,17,-1
106.0085068,-7.131900787,4.421935737,10.0,2022,9,4
105.4008331,-7.169482708,3.601584019,10.0,2022,16,1
112.8805237,-8.927942276,3.585947675,17.0,2022,3,-1
106.0589981,-7.317536831,4.778772311,17.0,2022,9,4
107.5904312,-8.402952194,4.564186563,69.0,2022,2,28
108.9235077,-8.330998421,4.183942306,40.0,2022,6,14
105.9849319,-7.196671009,5.021911401,10.0,2022,9,4
105.9564896,-7.217037201,4.133451853,10.0,2022,9,4
105.9592896,-7.234857559,4.229705375,13.0,2022,9,4
105.9701004,-7.170594215,3.82293864,10.0,2022,9,4
105.0383377,-7.281887531,3.515316383,10.0,2022,16,-1
106.0306396,-7.152282238,4.1006056,10.0,2022,9,4
105.9191284,-7.255361557,3.87381181,10.0,2022,9,4
112.0285797,-8.889674187,4.11090059,13.0,2022,3,-1
107.8583908,-8.169689178,3.977043501,20.0,2022,20,2
105.907608,-7.157306194,3.913611175,10.0,2022,9,4
107.2226257,-8.066841125,3.610721596,10.0,2022,2,8
107.7068634,-7.286866188,3.664968546,10.0,2022,15,10
106.9753265,-7.810034752,5.32989447,49.0,2022,8,15
107.0326767,-7.930000782,4.397731618,12.0,2022,8,15
107.0150757,-7.893409252,3.925683724,21.0,2022,8,15
107.2658615,-7.820407867,3.647257426,22.0,2022,8,5
105.2955627,-7.036570072,4.039970144,12.0,2022,16,1
105.9774628,-7.184356689,3.753978045,10.0,2022,9,4
105.9645157,-7.209543705,3.507274667,10.0,2022,9,4
112.4992752,-8.88683033,3.894674665,13.0,2022,3,9
105.9135208,-7.244484901,4.13513317,10.0,2022,9,4
105.9747543,-7.166952133,3.867537721,26.0,2022,9,4
105.9849625,-7.187183857,3.643985678,10.0,2022,9,4
110.1469193,-8.921719551,4.266631576,10.0,2022,0,-1
110.2132874,-8.826274872,3.671260378,10.0,2022,0,12
107.0234985,-8.016228676,3.81624195,10.0,2022,8,15
106.0381165,-7.052087784,4.891643222,15.0,2022,9,4
105.9538116,-7.204969883,5.226609561,10.0,2022,9,4
105.9750366,-7.235150814,4.501749468,10.0,2022,9,4
105.9232101,-7.241232872,3.675447779,10.0,2022,9,4
105.9728317,-7.237061501,3.647093237,10.0,2022,9,4
106.0571518,-7.380102158,4.42258128,69.0,2022,9,4
109.4341812,-8.655274391,3.52800517,10.0,2022,17,-1
109.0082703,-8.373064041,4.148716853,17.0,2022,6,14
107.9055786,-8.508946419,3.808722835,10.0,2022,22,-1
105.91082,-7.51860714,3.932750723,10.0,2022,1,4
110.9463425,-8.842272758,3.507612383,14.0,2022,7,19
105.9642181,-7.080301285,3.700230577,10.0,2022,9,4
112.5077744,-8.87799263,4.029385241,36.0,2022,3,9
106.4455261,-7.698523521,3.921496744,17.0,2022,11,7
105.3517609,-7.04117775,3.675766667,14.0,2022,16,1
109.0640869,-8.543153763,4.465346258,64.0,2022,6,21
108.2266922,-8.134965897,3.5791494,23.0,2022,20,17
106.660202,-7.436373234,4.694213962,53.0,2022,11,-1
107.4209061,-8.185885429,4.551936184,10.0,2022,2,8
109.0681076,-8.519329071,3.821730077,47.0,2022,6,21
105.9346771,-7.582324505,3.509597462,18.0,2022,1,4
111.6606522,-8.981302261,3.903304721,10.0,2022,7,-1
109.9438171,-8.071491241,4.130238265,10.0,2022,10,-1
113.0732346,-8.169104576,3.570705092,10.0,2022,3,-1
105.3228455,-7.018142223,4.014500408,5.0,2022,16,1
108.2593231,-8.136897087,4.505313132,33.0,2022,20,17
106.9586182,-7.920236111,4.248825223,10.0,2022,8,15
110.216217,-8.91884613,3.722596648,14.0,2022,0,12
106.4034424,-7.7708354,4.305384298,10.0,2022,11,7
112.4698563,-8.814850807,4.202741255,38.0,2022,3,9
112.2456284,-8.703821182,4.063312891,10.0,2022,3,-1
107.9236908,-8.144709587,4.058369366,20.0,2022,20,2
112.1110153,-6.42151165,4.430893532,10.0,2022,12,-1
109.2642517,-8.476611137,3.570136537,66.0,2022,6,3
108.685051,-8.640870094,3.641481229,10.0,2022,6,11
113.0315323,-8.957473755,4.242444302,10.0,2022,3,27
113.4088135,-8.486040115,3.556710823,10.0,2022,3,-1
110.7678833,-8.877549171,3.933220134,10.0,2022,7,-1
105.0038223,-7.491557121,3.857751776,24.0,2022,16,-1
110.4064407,-8.95964241,3.646685999,10.0,2022,0,24
108.9149551,-8.551505089,4.146110744,25.0,2022,6,14
105.9477921,-7.520710945,3.640149438,19.0,2022,1,4
111.6066437,-7.437357903,3.569278837,19.0,2022,18,-1
106.7362671,-7.50728035,3.572592695,33.0,2022,11,7
108.8406525,-8.354424477,3.617230862,24.0,2022,6,14
109.826622,-8.954257965,3.888594677,10.0,2022,0,13
109.8543854,-8.846252441,4.084438438,10.0,2022,0,13
110.0922165,-8.758163452,3.775662482,20.0,2022,0,-1
107.8540268,-8.228289604,4.466026109,30.0,2022,20,2
107.921402,-8.116915703,4.373686875,56.0,2022,20,2
105.9916687,-7.165117741,4.2461722,10.0,2022,9,4
105.9614944,-7.215809822,3.624006909,11.0,2022,9,4
108.8047485,-8.544359207,3.501351663,43.0,2022,6,14
107.334343,-8.057499886,3.60461601,26.0,2022,2,8
107.0887146,-7.920094013,3.526051954,13.0,2022,8,15
105.2496948,-7.004423618,3.838389864,10.0,2022,16,1
105.9779053,-7.809252739,3.627285802,10.0,2022,1,4
108.5081329,-8.867056847,3.76340532,14.0,2022,14,-1
107.0546494,-7.988363266,3.799575399,10.0,2022,8,15
111.2666931,-8.967695236,4.150959067,10.0,2022,7,16
111.1369019,-8.717277527,3.708178377,35.0,2022,21,-1
105.8951187,-7.820887566,3.628984903,10.0,2022,1,4
107.8761597,-8.033010483,3.712587466,24.0,2022,20,2
108.6825256,-8.490097046,4.103635234,47.0,2022,6,11
107.9034348,-8.103282928,3.930646528,29.0,2022,20,2
106.9287186,-7.898465633,3.729873866,18.0,2022,8,15
106.6267776,-7.896562099,4.294552737,10.0,2022,11,7
111.9920731,-7.746165276,3.827262846,10.0,2022,18,-1
110.3680115,-8.783272743,3.737982799,11.0,2022,0,12
110.4068451,-8.785697937,3.534232929,12.0,2022,0,12
106.1149292,-7.299637318,4.127415452,21.0,2022,9,4
107.0250473,-7.948576927,4.213035995,10.0,2022,8,15
108.2297821,-8.249490738,4.308381679,18.0,2022,20,17
112.1258392,-8.935264587,3.740621863,10.0,2022,3,-1
106.0471115,-7.693078995,4.171023499,10.0,2022,1,4
106.3672409,-7.599263668,4.076784226,49.0,2022,11,-1
109.7747955,-8.951997757,3.621942169,10.0,2022,0,13
109.6068039,-8.058548927,4.209961292,58.0,2022,10,-1
106.4324799,-7.055972099,3.928527063,10.0,2022,9,-1
110.2655869,-8.729595184,3.925168283,10.0,2022,0,12
108.5817184,-8.747912407,3.630780798,10.0,2022,14,-1
106.4360275,-7.420423985,4.364694874,33.0,2022,9,-1
112.8937225,-8.918568611,3.872890946,13.0,2022,3,-1
107.3637695,-8.117760658,4.281366086,10.0,2022,2,8
109.0193939,-8.33778286,4.680799815,22.0,2022,6,14
106.0625,-6.999808788,5.269386948,47.0,2022,9,4
106.0082321,-7.635308743,3.546719404,10.0,2022,1,4
109.8602829,-8.933672905,3.507786534,10.0,2022,0,13
106.0154266,-7.427753925,3.512286868,10.0,2022,9,4
106.0628281,-7.488830566,3.916773204,16.0,2022,1,4
106.0381851,-7.653497219,3.504983758,10.0,2022,1,4
106.0525055,-7.383111954,3.565036033,19.0,2022,9,4
109.5205307,-8.730498314,3.82445396,26.0,2022,17,-1
109.033905,-8.315292358,4.679337978,23.0,2022,6,14
106.8539886,-7.771784306,5.064924304,51.0,2022,11,15
106.8891296,-7.730682373,4.668192857,35.0,2022,11,15
110.2780304,-8.742343903,3.520675681,18.0,2022,0,12
111.7736511,-8.790781021,3.59568788,26.0,2022,7,-1
107.3276062,-8.242895126,4.860936655,10.0,2022,2,8
107.3386383,-8.19241333,5.320486972,53.0,2022,2,8
107.3644333,-8.088220596,4.244497334,30.0,2022,2,8
107.3480301,-6.775733471,3.812633097,10.0,2022,5,-1
105.3809128,-7.034598827,5.019808764,53.0,2022,16,1
107.8848038,-8.098546982,5.071355452,41.0,2022,20,2
107.0168457,-6.870993614,5.600368875,11.0,2022,5,30
107.0995789,-6.855303764,4.452734379,10.0,2022,5,30
107.092247,-6.857949734,3.652359866,10.0,2022,5,30
107.0553894,-6.829107761,3.576417269,10.0,2022,5,30
107.0631866,-6.832508564,3.524292197,10.0,2022,5,30
113.4700317,-8.845966339,3.533573729,10.0,2022,3,-1
107.0400696,-7.891100407,4.144974782,16.0,2022,8,15
107.0653763,-6.830910206,3.873684364,5.0,2022,5,30
113.5967178,-7.773600578,4.14771789,10.0,2022,18,-1
111.4101486,-8.758221626,3.601250406,10.0,2022,7,-1
112.455513,-8.86528492,3.557120527,38.0,2022,3,9
107.0484848,-6.859888554,3.505683586,10.0,2022,5,30
108.2270126,-8.23073864,4.598379494,55.0,2022,20,17
109.200676,-8.402377129,3.610071107,31.0,2022,6,3
107.0757065,-6.820449352,3.999613544,16.0,2022,5,30
107.1859741,-8.300416946,4.160817714,10.0,2022,2,-1
107.1550598,-8.327611923,3.787748664,10.0,2022,2,-1
107.9079361,-8.111111641,4.50896593,24.0,2022,20,2
107.0622635,-6.835120678,4.026386902,10.0,2022,5,30
107.9064407,-8.288903236,3.620211621,25.0,2022,20,2
106.1934967,-7.385480404,3.528724573,28.0,2022,9,4
111.4344635,-8.90086937,4.439019285,19.0,2022,7,16
106.8603134,-7.716674328,3.583680712,28.0,2022,11,15
106.723938,-7.511743069,3.593051171,32.0,2022,11,7
107.9122772,-8.085262299,3.975538552,29.0,2022,20,2
106.7303162,-7.529511929,3.868223838,30.0,2022,11,7
112.4586639,-8.829853058,3.888410849,40.0,2022,3,9
112.4816666,-8.846534729,4.784874889,34.0,2022,3,9
108.4955902,-6.981324673,3.567945091,10.0,2022,23,-1
108.0618439,-8.716366768,3.900967842,19.0,2022,14,-1
107.8972778,-8.177517891,4.535376514,29.0,2022,20,2
108.7365265,-8.472770691,3.609270411,51.0,2022,6,11
111.3818893,-8.959009171,3.528197846,11.0,2022,7,16
107.298378,-7.793924809,3.748902037,26.0,2023,8,5
107.9046707,-8.086607933,5.012925059,24.0,2023,20,2
107.2618484,-7.831590176,3.706470785,27.0,2023,8,5
107.8011703,-8.433531761,4.048385704,21.0,2023,22,2
107.9346237,-8.058512688,4.242830972,24.0,2023,20,2
109.8286591,-7.228031158,3.539636261,10.0,2023,23,-1
107.0994034,-6.797528267,4.008806802,10.0,2023,5,30
107.3442917,-6.709730148,3.679239504,10.0,2023,5,-1
107.0563278,-6.829705238,4.277390076,10.0,2023,5,30
107.5915985,-7.167421341,4.598536876,39.0,2023,15,-1
107.3145676,-6.722424984,3.708385744,10.0,2023,5,-1
108.9291534,-8.389842987,3.721039196,50.0,2023,6,14
110.9159012,-8.893703461,3.523359156,11.0,2023,7,19
107.7124786,-7.21734333,4.749515494,28.0,2023,15,10
108.5493622,-8.436614037,3.920358799,26.0,2023,22,11
106.1333771,-7.247441769,4.235957762,54.0,2023,9,4
111.1681976,-8.844966888,3.528790994,10.0,2023,7,16
107.865921,-8.074050903,3.585788229,22.0,2023,20,2
111.395668,-7.783296108,3.61671312,11.0,2023,10,-1
105.8790359,-7.381083488,5.117317549,48.0,2023,9,4
108.2538452,-6.229538918,3.626931561,10.0,2023,19,-1
109.8505859,-8.927836418,3.509606017,12.0,2023,0,13
106.6453323,-7.030189037,3.695240744,10.0,2023,5,-1
107.8297119,-8.291210175,3.671001365,11.0,2023,20,2
106.5689087,-7.697968483,3.943264747,22.0,2023,11,7
111.2457352,-8.930835724,4.298640159,64.0,2023,7,16
112.0969772,-6.160823345,3.633275637,10.0,2023,12,-1
107.2878571,-7.780095577,3.543977082,26.0,2023,8,5
106.9064407,-7.677914143,4.379193581,29.0,2023,11,15
109.7812805,-8.877307892,4.196075541,10.0,2023,0,13
112.6369934,-8.89525032,3.70245004,10.0,2023,3,-1
110.9608231,-8.824595451,3.507355503,18.0,2023,7,19
107.0458374,-6.849683285,4.047118043,10.0,2023,5,30
109.3067245,-8.843669891,4.107761261,12.0,2023,17,-1
108.3758698,-8.405701637,3.641413473,38.0,2023,22,-1
107.2685089,-7.831035614,3.884123286,50.0,2023,8,5
107.2746582,-7.786651134,3.83709711,30.0,2023,8,5
109.0429382,-8.578045845,3.500550505,58.0,2023,6,21
107.8436584,-8.434119225,5.105175101,57.0,2023,22,2
108.6334763,-8.529967308,3.843235705,49.0,2023,6,11
107.2946396,-7.783198833,3.714911583,34.0,2023,8,5
106.4750137,-7.68179369,3.71792996,22.0,2023,11,7
107.9021072,-8.004398346,3.99422989,25.0,2023,20,2
106.3700333,-7.748888016,3.914050959,49.0,2023,11,7
107.9003601,-8.093214989,3.798099165,25.0,2023,20,2
110.213562,-8.824456215,3.705343731,22.0,2023,0,12
106.6795959,-6.783224106,3.519838584,10.0,2023,5,23
107.8725052,-8.072293282,4.47033788,23.0,2023,20,2
111.1759338,-8.822834015,4.114477448,60.0,2023,7,16
109.7516708,-8.660108566,3.550916464,20.0,2023,17,-1
108.9748518,-8.366792198,4.116793169,64.0,2023,6,14
107.2809143,-8.369774818,3.813530969,10.0,2023,2,8
107.810173,-8.233411789,3.540214852,18.0,2023,20,2
105.5659943,-7.536642551,3.802665302,11.0,2023,1,-1
112.9856644,-8.973484039,4.459240959,19.0,2023,3,27
108.9000397,-8.50372982,3.70336022,23.0,2023,6,14
113.0236206,-8.94787693,3.799788597,20.0,2023,3,27
106.1341476,-7.278504848,4.008618446,64.0,2023,9,4
106.5294266,-7.805319786,3.731433937,22.0,2023,11,7
107.9116135,-8.358233452,4.631834242,10.0,2023,22,2
112.4632797,-8.86828804,3.659631324,39.0,2023,3,9
112.8665085,-6.092136383,3.816758003,10.0,2023,12,-1
107.0725555,-7.887058735,4.756580194,52.0,2023,8,15
110.6436005,-8.918636322,3.586065246,20.0,2023,0,-1
110.709343,-8.944284439,3.513133238,45.0,2023,0,-1
107.2726593,-8.103514671,4.88647835,18.0,2023,2,8
107.0556488,-6.848070145,3.534496086,10.0,2023,5,30
111.8636932,-7.099983692,3.981365793,10.0,2023,18,-1
108.6126709,-6.81676054,3.833428226,10.0,2023,23,-1
108.5615387,-6.809304237,3.784125919,10.0,2023,23,-1
112.5354614,-7.494976044,4.582403207,11.0,2023,18,-1
108.6385422,-8.482950211,3.837267158,52.0,2023,6,11
112.4558792,-8.837428093,4.706846704,33.0,2023,3,9
108.4982452,-8.327927589,3.777152209,28.0,2023,22,-1
108.9420929,-8.38692379,4.401380842,32.0,2023,6,14
109.4891586,-8.586949348,3.97980144,32.0,2023,17,-1
110.0848007,-8.603583336,3.944321798,43.0,2023,17,31
110.0734253,-8.55996418,4.533557632,43.0,2023,17,31
110.0873184,-8.619404793,3.609722527,36.0,2023,17,31
106.6280365,-6.75851965,4.178304386,10.0,2023,5,23
105.9315491,-7.659355164,4.513228216,21.0,2023,1,4
112.4598846,-8.980745316,3.795267601,33.0,2023,3,9
110.0877686,-8.537983894,4.136152328,30.0,2023,17,31
107.2718811,-7.805674076,4.043400298,27.0,2023,8,5
109.7402725,-8.957554817,3.727279289,20.0,2023,0,13
110.132019,-8.524423599,4.266262989,39.0,2023,17,31
110.1306,-8.546630859,3.563509682,64.0,2023,17,31
105.0255432,-7.45561552,3.912418919,10.0,2023,16,-1
107.524559,-8.050236702,4.386839497,50.0,2023,2,-1
111.0052719,-8.865644455,5.0081836,59.0,2023,7,19
107.9169769,-8.0583992,3.730807652,22.0,2023,20,2
112.4412003,-8.962153435,3.563797079,32.0,2023,3,9
112.3943863,-8.692650795,3.626465808,55.0,2023,3,-1
107.3613586,-8.021759987,4.100581482,55.0,2023,8,8
107.8751297,-8.749984741,4.23098505,10.0,2023,14,-1
111.7705917,-8.913992882,3.89068493,10.0,2023,7,-1
105.3524933,-7.752809525,5.863336498,50.0,2023,1,-1
107.3038254,-7.879528999,3.534894229,26.0,2023,8,5
111.0930481,-8.832949638,4.690133855,10.0,2023,7,16
111.0762253,-8.90154171,5.062699338,10.0,2023,7,16
111.1192398,-8.825140953,3.656226032,10.0,2023,7,16
111.5233688,-8.746614456,5.037984687,26.0,2023,7,-1
108.1731796,-8.263365746,4.146220395,31.0,2023,20,17
107.5359955,-7.332763672,3.867535286,10.0,2023,15,0
108.9139175,-8.45611763,4.53596729,14.0,2023,6,14
110.0567627,-8.602182388,4.260855809,25.0,2023,17,31
109.263298,-8.388604164,3.533232505,39.0,2023,6,3
107.7690048,-8.233625412,3.555302609,33.0,2023,20,2
106.9454269,-7.623600483,3.872371887,31.0,2023,11,15
109.0531693,-8.528832436,3.655818901,11.0,2023,6,21
107.1322784,-7.876349926,4.118703466,29.0,2023,8,15
111.0723877,-8.70450592,3.612292622,32.0,2023,21,-1
108.9164429,-8.445669174,3.886548153,13.0,2023,6,14
110.8283005,-8.967202187,4.047464013,66.0,2023,7,-1
107.8633728,-8.285132408,3.589739874,10.0,2023,20,2
110.8720322,-8.68563652,3.615119268,34.0,2023,21,-1
111.5570221,-7.838583469,3.521157801,7.0,2023,10,-1
108.6175613,-8.505052567,3.623766418,35.0,2023,6,11
112.4973526,-8.866129875,4.415664367,65.0,2023,3,9
112.5001984,-8.89081192,3.575941933,39.0,2023,3,9
106.7350845,-7.570750237,3.576792485,28.0,2023,11,7
106.9772873,-7.98203373,3.753317306,10.0,2023,8,15
110.7387848,-7.3351264,3.68155826,12.0,2023,10,-1
107.2851944,-8.116202354,5.437143838,57.0,2023,2,8
107.8933258,-8.119519234,3.722003455,23.0,2023,20,2
107.9328613,-8.077001572,4.426653625,28.0,2023,20,2
106.0021057,-7.421675205,4.383798589,13.0,2023,9,4
107.3570709,-8.186435699,3.711993188,24.0,2023,2,8
111.9181671,-8.954141617,4.228063976,10.0,2023,7,-1
111.795784,-8.862747192,3.51095615,34.0,2023,7,-1
106.1515427,-7.224345207,3.565915068,26.0,2023,9,4
106.5658188,-7.735222816,3.581938435,20.0,2023,11,7
106.5539474,-6.776277065,3.549465884,10.0,2023,5,23
107.2566299,-7.84133625,4.985355691,60.0,2023,8,5
108.8048553,-8.558615685,3.541554075,51.0,2023,6,14
108.3687592,-8.631943703,3.542586253,10.0,2023,14,-1
107.3490677,-8.079199791,3.678020407,22.0,2023,2,8
107.9179459,-8.111944199,4.109172593,27.0,2023,20,2
106.6504974,-7.028581619,3.623614477,5.0,2023,5,-1
105.3487701,-7.088139057,4.066306963,10.0,2023,16,1
105.3262177,-7.060792923,3.713707813,10.0,2023,16,1
107.7192307,-7.214728832,3.604202302,10.0,2023,15,10
106.5854492,-6.795464993,4.004676252,15.0,2023,5,23
107.9271317,-8.090163231,4.324033227,27.0,2023,20,2
110.4648972,-7.95630455,3.527160192,5.0,2023,10,-1
106.5382538,-6.75818634,4.590727775,35.0,2023,5,23
106.0411835,-7.274902821,4.961622036,52.0,2023,9,4
108.8585663,-7.14252758,4.555270622,10.0,2023,23,-1
108.8792114,-7.145484924,4.062907918,10.0,2023,23,-1
106.5412216,-7.701336384,3.643301709,23.0,2023,11,7
110.5295563,-8.854170799,3.727509403,13.0,2023,0,22
110.6913223,-8.958539009,3.780646708,11.0,2023,0,-1
107.2607956,-8.096161842,3.798416601,12.0,2023,2,8
106.0173416,-7.594771385,3.528452327,17.0,2023,1,4
107.8752289,-8.125782013,4.605536717,57.0,2023,20,2
107.9200211,-6.846306324,4.1343841,4.0,2023,23,-1
107.9300003,-6.854236126,4.49374798,16.0,2023,23,-1
107.9256668,-6.814092159,4.128839318,16.0,2024,23,-1
108.4879684,-8.357534409,3.947148341,35.0,2024,22,-1
107.8693085,-8.105261803,3.522025913,37.0,2024,20,2
105.3399353,-7.060954571,3.551724324,10.0,2024,16,1
108.1530762,-8.403118134,3.534564322,13.0,2024,22,6
107.9003296,-8.127890587,4.171631475,18.0,2024,20,2
110.4882431,-8.909567833,3.927254705,56.0,2024,0,22
106.5411301,-6.748921871,3.557685253,10.0,2024,5,23
107.1866608,-8.147691727,4.030270871,10.0,2024,2,8
110.8598328,-8.533441544,4.086509378,31.0,2024,21,-1
108.5264282,-8.5114851,3.786187799,10.0,2024,22,11
106.9204788,-7.784116745,3.619267376,14.0,2024,11,15
105.9810333,-7.548685551,3.575181398,16.0,2024,1,4
106.8799438,-7.703994751,4.651550303,21.0,2024,11,15
109.0348511,-8.323576927,3.634303896,20.0,2024,6,14
106.8906174,-7.655947208,3.586866592,25.0,2024,11,15
110.461525,-8.883084297,3.69400959,10.0,2024,0,22
108.4321518,-8.186513901,3.601933157,32.0,2024,20,-1
105.8743668,-7.491418362,5.737211779,24.0,2024,1,4
105.9699631,-7.5202384,5.214262348,10.0,2024,1,4
105.9068909,-7.622586727,4.388707502,10.0,2024,1,4
105.9512405,-7.536697388,3.820671547,10.0,2024,1,4
105.9127274,-7.550382137,4.279952757,13.0,2024,1,4
107.8967209,-8.495598793,3.870888591,10.0,2024,22,2
109.7644958,-8.535541534,3.591813099,27.0,2024,17,29
106.7017899,-7.536519527,4.76353034,28.0,2024,11,7
112.493103,-8.856488228,3.897278634,33.0,2024,3,9
105.9626694,-7.506042004,3.940025909,19.0,2024,1,4
107.3175812,-8.113716125,3.506290879,10.0,2024,2,8
110.6505737,-8.804676056,4.048934735,10.0,2024,0,-1
112.4894638,-8.829987526,3.905721395,34.0,2024,3,9
105.9374161,-7.504963875,4.16611175,17.0,2024,1,4
108.1307526,-8.050667763,3.947187571,46.0,2024,20,-1
108.2439194,-8.185660362,4.10147746,36.0,2024,20,17
106.8673172,-7.965764999,3.714357335,31.0,2024,8,15
106.9641647,-7.995223522,3.818597755,10.0,2024,8,15
110.8731918,-8.681512833,3.607347313,30.0,2024,21,-1
106.0434952,-7.418864727,4.29762768,20.0,2024,9,4
110.4038544,-8.941942215,3.889339265,11.0,2024,0,24
109.2173767,-8.790744781,3.866000728,10.0,2024,17,-1
109.1832657,-8.421538353,4.928128691,39.0,2024,6,3
107.9016113,-8.147999763,3.770563085,8.0,2024,20,2
112.4883347,-8.800839424,3.696040133,35.0,2024,3,9
105.3582993,-7.163173676,4.724401992,10.0,2024,16,1
105.3005676,-7.149796963,4.887119763,5.0,2024,16,1
107.9073792,-8.158675194,3.61313557,27.0,2024,20,2
105.3454666,-7.10767746,3.522048547,5.0,2024,16,1
105.3528366,-7.054034233,3.864835859,10.0,2024,16,1
107.2637863,-7.799017429,3.884153991,31.0,2024,8,5
107.3050003,-8.060635567,3.645027173,19.0,2024,2,8
111.2294235,-8.963265419,4.047434588,8.0,2024,7,16
110.9265594,-8.85858345,5.080297637,60.0,2024,7,19
106.4367676,-7.649329185,4.705077712,20.0,2024,11,7
110.8317795,-8.484692574,4.038781288,55.0,2024,21,-1
107.862236,-8.105640411,3.919824648,34.0,2024,20,2
111.2363968,-8.965432167,3.513546909,10.0,2024,7,16
109.4135284,-8.176002502,3.739231008,10.0,2024,6,-1
106.8961029,-7.722122192,4.013801322,21.0,2024,11,15
111.1575165,-8.871986389,3.616523017,10.0,2024,7,16
111.15065,-8.830367088,4.366613653,12.0,2024,7,16
112.475296,-8.806391716,3.851402759,37.0,2024,3,9
107.2706299,-7.810009956,4.000631822,23.0,2024,8,5
112.468483,-8.861890793,3.528040387,29.0,2024,3,9
107.2201462,-8.10350132,3.83315769,14.0,2024,2,8
107.8589401,-8.076317787,4.109786424,27.0,2024,20,2
107.2642441,-7.804244518,3.894420391,26.0,2024,8,5
107.8881378,-8.352178574,3.797880997,11.0,2024,22,2
107.3792114,-8.200704575,3.715040249,10.0,2024,2,8
112.4883575,-8.862904549,4.439103937,37.0,2024,3,9
109.7380829,-6.963923931,4.504230227,6.0,2024,23,-1
106.1212616,-7.243374825,3.833921695,25.0,2024,9,4
111.3303604,-8.943271637,3.593937053,28.0,2024,7,16
105.011116,-7.451690197,5.025164968,42.0,2024,16,-1
105.0063171,-7.529517174,3.674320108,24.0,2024,16,-1
109.9410706,-7.257780075,3.704863144,10.0,2024,23,-1
106.0423889,-7.399738312,3.607635679,20.0,2024,9,4
108.4942322,-6.978681087,4.057003037,10.0,2024,23,-1
108.4854507,-6.973903656,3.838926553,10.0,2024,23,-1
107.1864395,-7.759374142,3.95651432,44.0,2024,8,5
105.2710876,-7.045728683,4.40729299,24.0,2024,16,1
110.0609512,-8.559217453,3.541992767,28.0,2024,17,31
110.2793579,-8.700376511,3.780583096,25.0,2024,0,12
106.1686707,-7.674743652,3.779310211,22.0,2024,1,4
106.0291138,-7.658658504,5.231423625,24.0,2024,1,4
106.138382,-7.719165325,3.789503567,22.0,2024,1,4
107.2119141,-8.650974274,4.359717946,10.0,2024,2,-1
110.1066284,-8.854931831,3.512440159,10.0,2024,0,-1
110.241333,-8.823622704,5.405379874,43.0,2024,0,12
106.2268982,-7.622716904,3.527047264,25.0,2024,1,-1
106.1304474,-7.666599274,3.749061103,16.0,2024,1,4
106.9148178,-7.402776718,3.510736176,64.0,2024,15,-1
111.7092285,-8.983784676,3.749732922,12.0,2024,7,-1
110.8956451,-8.719016075,3.509319328,25.0,2024,21,-1
111.6972046,-8.989949226,3.894023735,13.0,2024,7,-1
111.2055511,-8.690963745,3.875061335,67.0,2024,21,-1
110.2608948,-8.728989601,4.564865203,18.0,2024,0,12
110.5088043,-8.949544907,3.88763874,10.0,2024,0,22
106.4773102,-7.836177349,5.142702789,26.0,2024,11,7
106.5784225,-7.700175285,3.889844522,18.0,2024,11,7
106.1236496,-7.249953747,4.138502052,22.0,2024,9,4
107.6661835,-7.197014332,5.148449566,10.0,2024,15,10
107.7124786,-7.212859631,3.514737324,10.0,2024,15,10
107.0000305,-7.595897675,4.223173466,62.0,2024,11,-1
111.9278717,-8.974650383,3.986273674,10.0,2024,7,-1
